原字段	en	ja	ar	de	es	fr	pt	th	vi	zh-TW
Each flicker of its light whispers a secret about your destiny.	Each flicker of its light whispers a secret about your destiny.	その光のちらつきは、あなたの運命についての秘密をささやきます。	كل وميض من نوره يهمس بسر عن مصيرك.	Jedes Flackern seines Lichts flüstert ein Geheimnis über dein Schicksal.	Cada parpadeo de su luz susurra un secreto sobre tu destino.	Chaque scintillement de sa lumière murmure un secret sur votre destin.	Cada lampejo de sua luz sussurra um segredo sobre seu destino.	การสั่นไหวของแสงแต่ละครั้งจะกระซิบความลับเกี่ยวกับโชคชะตาของคุณ	Mỗi nhấp nháy ánh sáng của nó thì thầm một bí mật về số phận của bạn.	它的每一次閃爍都在低語你命運的祕密。
A hidden force answers your call…	A hidden force answers your call…	隠れた力があなたの呼びかけに応えます…	قوة خفية تجيب على مكالمتك...	Eine verborgene Kraft antwortet auf deinen Ruf..	Una fuerza oculta responde a tu llamada...	Une force cachée répond à votre appel	Uma força oculta atende ao seu chamado...	พลังที่ซ่อนอยู่รับสายของคุณ..	Một thế lực tiềm ẩn trả lời cuộc gọi của bạn...	一股隱藏的力量回應了你的召喚…
Sweet, dark, or dangerously magical…	Sweet, dark, or dangerously magical…	甘い、暗い、または危険な魔法のような...	حلوة ، مظلمة ، أو سحرية بشكل خطير...	Süß, dunkel oder gefährlich magisch..	Dulce, oscuro o peligrosamente mágico...	Doux, sombre ou dangereusement magique	Doce, sombrio ou perigosamente mágico...	หวาน มืด หรือมีมนต์ขลังอันตราย..	Ngọt ngào,  tối hoặc ma thuật nguy hiểm...	甜美、黑暗或危險的魔法…
You will be the center of attention.	You will be the center of attention.	あなたは注目の的になるでしょう。	سوف تكون مركز الاهتمام.	Sie werden im Mittelpunkt der Aufmerksamkeit stehen.	Serás el centro de atención.	Vous serez le centre d'attention.	Você será o centro das atenções.	คุณจะเป็นศูนย์กลางของความสนใจ	Bạn sẽ là trung tâm của sự chú ý.	你將成爲關注的焦點。
Sweetness hides many truths…	Sweetness hides many truths…	甘さは多くの真実を隠している…	الحلاوة تخفي حقائق كثيرة...	Süße verbirgt viele Wahrheiten..	La dulzura esconde muchas verdades...	La douceur cache de nombreuses vérités...	A doçura esconde muitas verdades...	ความหวานซ่อนความจริงมากมาย..	Sự ngọt ngào ẩn chứa nhiều sự thật...	甜蜜隱藏了許多真相…
Will they bless you with fortune or play a wicked little trick?	Will they bless you with fortune or play a wicked little trick?	彼らはあなたに幸運をもたらすのか、それとも邪悪な小さなトリックをするのか?	هل سيباركونك بالثروة أم يلعبون خدعة صغيرة شريرة ؟	Werden sie dich mit Glück segnen oder einen bösen kleinen Trick anwenden?	¿Te bendecirán con la fortuna o jugarán un pequeño truco perverso?	Vont-ils vous bénir avec la fortune ou jouer un petit tour méchant?	Eles vão te abençoar com fortuna ou fazer um pequeno truque perverso?	พวกเขาจะอวยพรคุณด้วยโชคลาภหรือเล่นกลเล็ก ๆ น้อย ๆ ที่ชั่วร้าย?	Họ sẽ ban phước cho bạn với tài sản hay  một trò lừa nhỏ ?	他們會給你帶來好運還是會玩一個邪惡的小把戲？
The spirit whispers a truth your heart already knows.	The spirit whispers a truth your heart already knows.	スピリットは、あなたの心がすでに知っている真実をささやきます。	تهمس الروح بحقيقة يعرفها قلبك بالفعل.	Der Geist flüstert eine Wahrheit, die dein Herz bereits kennt.	El espíritu susurra una verdad que tu corazón ya sabe.	L'esprit murmure une vérité que votre cœur connaît déjà.	O espírito sussurra uma verdade que seu coração já conhece.	วิญญาณกระซิบความจริงที่หัวใจของคุณ้อยู่แล้ว	Linh hồn thì thầm một sự thật mà trái tim bạn đã biết.	靈魂低語着你心中早已知曉的真相。
Uncover More of Your Talents & Accolades	Uncover More of Your Talents & Accolades	あなたの才能と栄誉をもっと発見しよう	اكتشف المزيد من المواهب والأوسمة الخاصة بك	Entdecken Sie mehr von Ihren Talenten und Auszeichnungen	Descubre Más De Tus Talentos Y Reconocimientos	Découvrez plus de vos talents et distinctions	Descubra mais de seus talentos e elogios	ค้นพบความสามารถและรางวัลของคุณมากขึ้น	Khám phá thêm tài năng và danh hiệu của bạn	發現更多您的才華和榮譽
Good luck comes to you.	Good luck comes to you.	幸運はあなたに訪れます。	حظا سعيدا يأتي لك.	Viel Glück kommt zu Ihnen.	La buena suerte viene a ti.	Bonne chance vient à toi.	Boa sorte vem até você.	ขอให้โชคดีมาหาคุณ	Chúc may mắn đến với bạn.	祝你好運。
In the next 3 months, you will...	In the next 3 months, you will...	次の3ヶ月で、あなたはそうなるでしょう。。。	في الأشهر الثلاثة المقبلة ، سوف تفعل ذلك...	In den nächsten 3 Monaten werden Sie das tun...	En los próximos 3 meses, lo harás...	Dans les 3 prochains mois, vous allez...	Nos próximos 3 meses, você vai...	ในอีก 3 เดือนข้างหน้าคุณจะ..	Trong 3 tháng tới, bạn sẽ..	在接下來的3個月裏，你將…
The Ring Belongs on the Right Finger	The Ring Belongs on the Right Finger	指輪は右指にあります。	الخاتم ينتمي إلى الإصبع الأيمن	Der Ring gehört zum rechten Finger	El Anillo Pertenece al Dedo Derecho	La bague appartient au doigt droit	O Anel Pertence ao Dedo Direito	แหวนอยู่บนนิ้วขวา	Chiếc nhẫn thuộc về ngón tay phải	戒指屬於右手指
Good Fortune, Non-Stop	Good Fortune, Non-Stop	幸運はノンストップ	حسن الحظ ، بدون توقف	Viel Glück, Non-Stop	Buena fortuna, sin parar	Bonne fortune, non-stop	Boa Sorte, Sem Parar	โชคลาภไม่หยุด	Vận may, không ngừng nghỉ	好運，不停
Five places you will visit	Five places you will visit	あなたが訪れる5つの場所	خمسة أماكن سوف تزورها	Fünf Orte, die Sie besuchen werden	Cinco lugares que visitarás	Cinq endroits que vous visiterez	Cinco lugares que você visitará	ห้าสถานที่ที่คุณจะเยี่ยมชม	Năm địa điểm bạn sẽ ghé thăm	你將參觀的五個地方
Your Keywords Are...	Your Keywords Are...	あなたのキーワードは。。。	كلماتك الرئيسية هي...	Ihre Schlüsselwörter sind...	Tus Palabras Clave Son...	Vos mots clés sont...	Suas Palavras-chave São...	คำสำคัญของคุณคือ..	Từ khóa của bạn là...	你的關鍵詞是…
Which of your achievements will make tomorrow's front page headline?	Which of your achievements will make tomorrow's front page headline?	明日のトップページの見出しになるあなたの業績は何ですか?	أي من إنجازاتك سيجعل عنوان الصفحة الأولى غدًا ؟	Welche Ihrer Errungenschaften werden morgen auf der Titelseite erscheinen?	¿Cuál de tus logros será el titular de la primera página de mañana?	Laquelle de vos réalisations fera la une de demain?	Qual de suas conquistas será a manchete da primeira página de amanhã?	ความสำเร็จใดของคุณที่จะทำให้พาดหัวข่าวหน้าแรกของวันพรุ่งนี้	Thành tựu nào của bạn sẽ làm tiêu đề trang nhất của ngày mai?	你的哪些成就會登上明天的頭版頭條？
The Answer Will Be Hilarious	The Answer Will Be Hilarious	答えは面白いでしょう。	الجواب سيكون فرحان	Die Antwort wird urkomisch sein	La Respuesta Será Divertidísima	La réponse sera hilarante	A Resposta Será Hilária	คำตอบจะเฮฮา	Câu trả lời sẽ rất vui nhộn	答案會很滑稽
It Follows You Wherever You Go	It Follows You Wherever You Go	どこへ行ってもついてくる	يتبعك أينما ذهبت	Es folgt Ihnen, wohin Sie auch gehen	Te Sigue Dondequiera Que Vayas	Il vous suit partout où vous allez	Ele Te Segue Onde Quer Que Você Vá	มันติดตามคุณทุกที่ที่คุณไป	Nó theo bạn bất cứ nơi nào bạn đi	無論你走到哪裏它都會跟着你
Don’t mind the malice of others — you are always the best.	Don’t mind the malice of others — you are always the best.	他人の悪意を気にしないでください-あなたはいつも最高です。	لا تهتم بخبث الآخرين - فأنت دائمًا الأفضل.	Kümmere dich nicht um die Bosheit der anderen - du bist immer der Beste.	No te preocupes por la malicia de los demás, siempre eres el mejor.	Ne fais pas attention à la malice des autres - tu es toujours le meilleur.	Não ligue para a malícia dos outros - você é sempre o melhor.	อย่าสนใจความอาฆาตพยาบาทของผู้อื่น - คุณดีที่สุดเสมอ	Đừng bận tâm đến  ý của người khác - bạn luôn là người giỏi nhất.	不要介意別人的惡意——你總是最好的。
"Every name is one of a kind.
"	"Every name is one of a kind.
"	"すべての名前はユニークです。
"	"كل اسم فريد من نوعه.
"	"Jeder Name ist ein Unikat.
"	"Cada nombre es único.
"	"Chaque nom est unique en son genre.
"	"Cada nome é único.
"	"ทุกชื่อเป็นหนึ่งในประเภท
"	"Mỗi tên là một trong một loại.
"	"每個名字都是獨一無二的。
"
Your life just went from zero to hero! 	Your life just went from zero to hero! 	あなたの人生はゼロからヒーローになりました! 	حياتك ذهبت للتو من الصفر إلى البطل! 	Dein Leben ist gerade von Null auf Held umgestiegen! 	¡Tu vida acaba de pasar de cero a héroe! 	Votre vie est juste passée de zéro à héros! 	Sua vida passou de zero a herói! 	ชีวิตของคุณเพิ่งเปลี่ยนจากศูนย์เป็นฮีโร่! 	Cuộc sống của bạn vừa đi từ con số không thành anh hùng! 	你的生活從零變成了英雄！ 
Touch the Pumpkin Lantern: What Future Awaits Inside?	Touch the Pumpkin Lantern: What Future Awaits Inside?	かぼちゃのランタンに触れる:中にはどんな未来が待っているのか?	المس فانوس اليقطين: ما المستقبل الذي ينتظر في الداخل ؟	Berühren Sie die Kürbislaterne: Was Zukunft erwartet Sie drinnen?	Toca la linterna de calabaza: ¿qué futuro espera en el interior?	Touchez la lanterne citrouille : quel avenir vous attend à l'intérieur?	Toque a lanterna de abóbora: que futuro espera por dentro?	สัมผัสโคมไฟฟักทอง: อนาคตอะไรรออยู่ข้างใน?	Chạm  đèn lồng bí ngô: Tương lai nào đang chờ đợi bên trong?	觸摸南瓜燈：裏面等待着什麼未來？
On Halloween Night, What Power of Fate Will You Summon?	On Halloween Night, What Power of Fate Will You Summon?	ハロウィンの夜、あなたはどんな運命の力を召喚しますか?	في ليلة الهالوين ، ما هي قوة القدر التي ستستدعيها ؟	In der Halloween-Nacht, Was Macht des Schicksals wirst du beschwören?	En la Noche de Halloween, ¿Qué Poder del Destino Invocarás?	Le soir d'Halloween, quel pouvoir du destin invoquerez-vous?	Na Noite De Halloween, Que Poder Do Destino Você Invocará?	ในคืนฮาโลวีน คุณจะเรียกพลังแห่งโชคชะตาอะไร?	 đêm Halloween, bạn sẽ triệu hồi sức  của số phận nào?	萬聖節之夜，你將召喚什麼命運的力量？
Halloween Kiss Test: Will You Kiss a Prince or a Monster?	Halloween Kiss Test: Will You Kiss a Prince or a Monster?	ハロウィンのキステスト:王子とモンスターのどちらにキスしますか?	اختبار قبلة الهالوين: هل ستقبل أميرًا أم وحشًا ؟	Halloween-Kuss-Test: Wirst du einen Prinzen oder ein Monster küssen?	Prueba de besos de Halloween: ¿Besarás a un príncipe o a un monstruo?	Halloween Kiss Test : Embrasserez-vous un prince ou un monstre?	Halloween Kiss Test: Você vai beijar um príncipe ou um monstro?	การทดสอบจูบฮาโลวีน: คุณจะจูบเจ้าชายหรือสัตว์ประหลาดหรือไม่?	Bài kiểm tra nụ hôn Halloween: Bạn sẽ hôn một hoàng tử hay một con quái vật?	萬聖節親吻測試：你會親吻王子還是怪物？
Which Character Will You Be on Halloween?	Which Character Will You Be on Halloween?	あなたはハロウィンにどのキャラクターになりますか?	أي شخصية ستكون في عيد الهالوين ؟	Welche Figur wirst du an Halloween sein?	¿Qué personaje serás en Halloween?	Quel personnage serez-vous à Halloween?	Qual personagem você será no Halloween?	คุณจะเป็นตัวละครตัวไหนในวันฮาโลวีน?	Bạn sẽ là nhân vật nào trong Halloween?	萬聖節你會扮演哪個角色？
Pick a Candy to Reveal Your Hidden Personality!	Pick a Candy to Reveal Your Hidden Personality!	あなたの隠された個性を明らかにするためにキャンディーを選んでください!	اختر حلوى لتكشف عن شخصيتك المخفية!	Wählen Sie eine Süßigkeit, um Ihre verborgene Persönlichkeit zu enthüllen!	¡Elige un caramelo para revelar tu personalidad oculta!	Choisissez un bonbon pour révéler votre personnalité cachée!	Escolha um doce para revelar sua personalidade oculta!	เลือกขนมเพื่อเปิดเผยบุคลิกที่ซ่อนอยู่ของคุณ!	Chọn một viên kẹo để tiết lộ tính cách tiềm ẩn của bạn!	挑個糖果暴露你隱藏的個性！
Your Halloween Luck: Trick or Treat?	Your Halloween Luck: Trick or Treat?	あなたのハロウィンの運:トリック・オア・トリート?	حظك في الهالوين: خدعة أم حلوى ؟	Ihr Halloween-Glück: Süßes oder Saures?	Tu suerte de Halloween: ¿Truco o trato?	Votre chance d'Halloween : un truc ou un régal?	Sua Sorte de Halloween: Doçura ou Travessura?	โชคฮาโลวีนของคุณ: เคล็ดลับหรือการรักษา?	May mắn Halloween của bạn: Lừa hay đãi?	你的萬聖節好運：不給糖就搗蛋？
What Is the Spirit of Halloween Trying to Tell You?	What Is the Spirit of Halloween Trying to Tell You?	ハロウィーンの精神はあなたに何を伝えようとしていますか?	ما الذي تحاول روح الهالوين إخبارك به ؟	Was Versucht der Geist von Halloween es Ihnen zu sagen?	¿Qué está tratando de decirte el espíritu de Halloween?	Qu'est-ce que l'esprit d'Halloween essaie de vous dire?	O que o espírito do Halloween está tentando lhe dizer?	วิญญาณแห่งวันฮาโลวีนที่พยายามจะบอกคุณคืออะไร?	Tinh thần của Halloween đang cố gắng nói với bạn điều gì?	萬聖節的精神想告訴你什麼？
Tap to Claim Your Exclusive Certificate	Tap to Claim Your Exclusive Certificate	タップして独占的な証明書を取得しましょう	اضغط للمطالبة بشهادتك الحصرية	Tippen Sie auf, um Ihr exklusives Zertifikat einzufordern	Toque para reclamar su certificado exclusivo	Appuyez pour réclamer votre certificat exclusif	Toque para reivindicar seu certificado exclusivo	แตะเพื่อรับใบรับรองพิเศษของคุณ	Nhấn để xác nhận chứng chỉ độc quyền của bạn	點擊以申請您的獨家證書
Receive good luck from Santa Claus in 2026！	Receive good luck from Santa Claus in 2026！	2026年にサンタクロースから幸運を受け取ろう!	احصل على حظ سعيد من سانتا كلوز في عام 2026!	Viel Glück vom Weihnachtsmann im Jahr 2026!	¡Reciba buena suerte de Santa Claus en 2026!	Recevez bonne chance du Père Noël en 2026!	Receba boa sorte do Papai Noel em 2026!	รับความโชคดีจากซานตาคลอสในปี 2026!	Nhận may mắn từ ông già Noel  năm 2026!	在2026年收到聖誕老人的好運！
Touch the crystal ball, it knows your future.	Touch the crystal ball, it knows your future.	クリスタルボールに触れると、あなたの未来がわかります。	المس الكرة البلورية ، فهي تعرف مستقبلك.	Berühre die Kristallkugel, sie kennt deine Zukunft.	Toca la bola de cristal, conoce tu futuro.	Touchez la boule de cristal, elle connaît votre avenir.	Toque na bola de cristal, ela conhece o seu futuro.	สัมผัสลูกบอลคริสตัลมัน้อนาคตของคุณ	Chạm  quả cầu pha lê, nó biết tương lai của bạn.	觸摸水晶球，它知道你的未來。
Touch the Ring to See Your Perfect Match	Touch the Ring to See Your Perfect Match	リングに触れてあなたの完璧なマッチを確認してください	المس الخاتم لرؤية تطابقك المثالي	Berühren Sie den Ring, um Ihre perfekte Übereinstimmung zu sehen	Toca el Anillo Para Ver Tu Combinación Perfecta	Touchez la bague pour voir votre match parfait	Toque no Anel para Ver Sua Combinação Perfeita	สัมผัสแหวนเพื่อดูคู่ที่สมบูรณ์แบบของคุณ	Chạm  chiếc nhẫn để xem trận đấu hoàn hảo của bạn	觸摸戒指以查看您的完美搭配
New Message: Check Your 5 Good Things for 2026	New Message: Check Your 5 Good Things for 2026	新しいメッセージ: 2026年のためにあなたの5つの良いことをチェックしてください	رسالة جديدة: تحقق من 5 أشياء جيدة لعام 2026	Neue Nachricht: Prüfen Sie Ihre 5 guten Dinge für 2026	Nuevo Mensaje: Revisa Tus 5 Cosas Buenas para 2026	Nouveau message : Vérifiez vos 5 bonnes choses pour 2026	Nova Mensagem: Confira Suas 5 Coisas Boas para 2026	ข้อความใหม่: ตรวจสอบ 5 สิ่งที่ดีของคุณสำหรับปี 2026	Tin nhắn mới: Kiểm tra 5 điều tốt đẹp của bạn cho năm 2026	新信息：檢查2026年的5件好事
Tap the Map to See Where You'll Go in the Next 10 Years	Tap the Map to See Where You'll Go in the Next 10 Years	今後10年間にどこへ行くかを確認するために地図をタップしてください。	اضغط على الخريطة لترى إلى أين ستذهب في السنوات العشر القادمة	Tippen Sie auf die Karte, um zu sehen, wohin Sie in den nächsten 10 Jahren gehen werden	Toca el mapa para ver a dónde irás en los próximos 10 años	Appuyez sur la carte pour voir où vous irez dans les 10 prochaines années	Toque no mapa para ver aonde você irá nos próximos 10 anos	แตะแผนที่เพื่อดูว่าคุณจะไปที่ไหนในอีก 10 ปีข้างหน้า	Nhấn  bản đồ để xem bạn sẽ đi đâu trong 10 năm tới	點擊地圖查看未來10年您將走向何方
What Are Your 5 Keywords for Next Month?	What Are Your 5 Keywords for Next Month?	来月の5つのキーワードは何ですか?	ما هي 5 كلمات رئيسية للشهر القادم ؟	Was Sind Ihre 5 Schlüsselwörter für den nächsten Monat?	¿Cuáles son tus 5 palabras clave para el próximo mes?	Quels sont vos 5 mots clés pour le mois prochain?	Quais são suas 5 palavras-chave para o próximo mês?	คำหลัก 5 คำของคุณสำหรับเดือนหน้าคืออะไร?	5 từ khóa của bạn cho tháng tới là gì?	你下個月的5個關鍵詞是什麼？
Touch the Newspaper to See Which of Your Achievements Deserves the Headline!	Touch the Newspaper to See Which of Your Achievements Deserves the Headline!	新聞をタッチして、あなたの成果のどれが見出しに値するかを確認してください!	المس الجريدة لترى أي من إنجازاتك يستحق العنوان!	Berühren Sie die Zeitung, um zu sehen, welche Ihrer Leistungen die Schlagzeile verdient haben!	¡Toca el Periódico para Ver Cuál de Tus Logros Merece El Titular!	Touchez le journal pour voir laquelle de vos réalisations mérite le titre!	Toque no jornal para ver qual de suas conquistas merece a manchete!	แตะหนังสือพิมพ์เพื่อดูว่าความสำเร็จใดของคุณสมควรได้รับพาดหัวข่าว!	Chạm  báo để xem thành tích nào của bạn xứng đáng với tiêu đề!	觸摸報紙，看看你的哪些成就值得上頭條！
What Type of Coffee Are You?😂	What Type of Coffee Are You?😂	あなたはどんなコーヒーですか?😂	أي نوع من القهوة أنت ؟😂	Was Kaffeesorte sind Sie?😂	¿Qué Tipo De Café Eres?😂	Quel type de café êtes-vous?😂	Que Tipo De Café Você É?😂	คุณเป็นกาแฟแบบไหน?😂	Bạn là loại cà phê nào?😂	你是什麼類型的咖啡？😂
Tap the Cat's Eye to Reveal What Has Always Been Protecting You.	Tap the Cat's Eye to Reveal What Has Always Been Protecting You.	いつもあなたを守ってきたものを明らかにするために、猫の目をタップしてください。	اضغط على عين القطة لتكشف عما كان يحميك دائمًا.	Tippen Sie auf das Katzenauge, um zu zeigen Was Sie immer beschützt hat.	Toca el Ojo de Gato para Revelar Lo Que Siempre Te Ha Estado Protegiendo.	Appuyez sur l'œil du chat pour révéler ce qui vous a toujours protégé.	Toque no Olho do Gato para Revelar O Que Sempre O Protegeu.	แตะตาแมวเพื่อเปิดเผยสิ่งที่ปกป้องคุณเสมอ	Chạm  mắt mèo để tiết lộ những gì đã luôn bảo vệ bạn.	點擊貓眼，揭示一直在保護你的東西。
Tap the snake, it will reveal who secretly dislikes you.	Tap the snake, it will reveal who secretly dislikes you.	蛇をタップすると、誰があなたを密かに嫌っているかが明らかになります。	اضغط على الثعبان ، سيكشف من يكرهك سراً.	Tippe auf die Schlange, sie wird zeigen, wer dich insgeheim nicht mag.	Toca la serpiente, revelará a quién secretamente no le gustas.	Appuyez sur le serpent, il révélera qui vous déteste secrètement.	Toque na cobra, ela revelará quem secretamente não gosta de você.	แตะงูมันจะเผยให้เห็นว่าใครแอบไม่ชอบคุณ	Chạm  con rắn, nó sẽ tiết lộ ai là người thầm ghét bạn.	輕敲蛇，它會揭示誰暗地裏不喜歡你。
Touch the baby to receive your baby nickname.	Touch the baby to receive your baby nickname.	赤ちゃんをタッチすると、赤ちゃんのニックネームが表示されます。	المس الطفل لتلقي لقب طفلك.	Berühren Sie das Baby, um Ihren Baby-Spitznamen zu erhalten.	Toque al bebé para recibir el apodo de su bebé.	Touchez le bébé pour recevoir votre surnom de bébé.	Toque no bebê para receber o apelido do seu bebê.	แตะทารกเพื่อรับชื่อเล่นของลูกน้อย	Chạm  em bé để nhận biệt danh của em bé.	觸摸寶寶以接收您的寶寶暱稱。
Touch to See Why You're on TV	Touch to See Why You're on TV	テレビに出ている理由を見るためにタッチしてください	المس لترى لماذا أنت على شاشة التلفزيون	Berühren Sie, um zu sehen, warum Sie im Fernsehen sind	Toque para ver por qué está en la televisión	Touchez pour voir pourquoi vous êtes à la télévision	Toque para ver por que você está na TV	แตะเพื่อดูว่าทำไมคุณถึงอยู่ในทีวี	Chạm để xem tại sao bạn lại ở trên TV	觸摸看看你爲什麼上電視
A path of fortune lights up before you — success is closer than you think.	A path of fortune lights up before you — success is closer than you think.	幸運の道があなたの前に輝きます-成功はあなたが思っているよりも近いです。	طريق الحظ يضيء أمامك - النجاح أقرب مما تعتقد.	Ein Weg des Glücks leuchtet vor Ihnen auf - der Erfolg ist näher als Sie denken.	Un camino de la fortuna se ilumina ante ti: el éxito está más cerca de lo que piensas.	Un chemin de fortune s'illumine devant vous - le succès est plus proche que vous ne le pensez.	Um caminho de fortuna se ilumina antes de perceber que o sucesso está mais perto do que você pensa.	เส้นทางแห่งโชคลาภสว่างขึ้นต่อหน้าคุณ - ความสำเร็จอยู่ใกล้กว่าที่คุณคิด	Một con  mắn sáng lên trước mắt bạn - thành công gần hơn bạn nghĩ.	一條幸運的道路在你面前亮起——成功比你想象的要近。
The Flame of Rebirth: from every ending you rise again, burning brighter each time life tries to break you.	The Flame of Rebirth: from every ending you rise again, burning brighter each time life tries to break you.	再生の炎:すべての終わりからあなたは再び立ち上がり、人生があなたを壊そうとするたびにより明るく燃えます。	شعلة الولادة الجديدة: من كل نهاية تقوم مرة أخرى ، تحترق أكثر إشراقًا في كل مرة تحاول فيها الحياة كسرك.	Die Flamme der Wiedergeburt: Aus jedem Ende erhebst du dich wieder und brennst jedes Mal heller, wenn das Leben versucht, dich zu brechen.	La Llama del Renacimiento: de cada final te levantas de nuevo, ardiendo más brillante cada vez que la vida intenta romperte.	La flamme de la renaissance : de chaque fin, vous vous réveillez, brûlant plus fort chaque fois que la vie essaie de vous briser.	A Chama do Renascimento: de cada final você se levanta novamente, queimando mais brilhante cada vez que a vida tenta quebrá-lo.	เปลวไฟแห่งการเกิดใหม่: จากทุกตอนจบที่คุณลุกขึ้นอีกครั้ง การเผาไหม้ที่สว่างขึ้นทุกครั้งที่ชีวิตพยายามทำลายคุณ	Ngọn lửa tái sinh: từ mỗi kết thúc bạn lại trỗi dậy, cháy sáng hơn mỗi khi cuộc sống cố gắng phá vỡ bạn.	重生之火：從每一個結局中，你都會再次升起，每次生活試圖打破你時，你都會燃燒得更亮。
Moonlit Prince’s Kiss	Moonlit Prince’s Kiss	月光王子のキス	قبلة الأمير المقمر	Der Kuss des Prinzen im Mondschein	Beso del príncipe iluminado por la luna	Le baiser du prince au clair de lune	Beijo Do Príncipe Luar	จูบของเจ้าชายแสงจันทร์	Nụ hôn của hoàng tử ánh trăng	月光下的王子之吻
I'm a Witch	I'm a Witch	私は魔女です	أنا ساحرة	Ich bin eine Hexe	Soy una bruja	Je suis une sorcière	Eu sou uma bruxa	ฉันเป็นแม่มด	Tôi là một phù thủy	我是女巫
Candy Corn:cheerful and nostalgic, you treasure memories and always find light in the past.	Candy Corn:cheerful and nostalgic, you treasure memories and always find light in the past.	キャンディコーン:陽気でノスタルジックな、あなたは思い出を大切にし、常に過去に光を見つけます。	حلوى الذرة: البهجة والحنين ، كنت كنز الذكريات وتجد دائما الضوء في الماضي.	Candy Corn: fröhlich und nostalgisch, Sie schätzen Erinnerungen und finden immer Licht in der Vergangenheit.	Candy Corn: alegre y nostálgico, atesoras recuerdos y siempre encuentras luz en el pasado.	Candy Corn : joyeux et nostalgique, vous chérissez des souvenirs et trouvez toujours la lumière dans le passé.	Milho Doce: alegre e nostálgico, você valoriza memórias e sempre encontra luz no passado.	แคนดี้คอร์น: ร่าเริงและคิดถึง คุณเก็บสมบัติความทรงจำและพบแสงสว่างในอดีตเสมอ	Candy Corn: vui vẻ và hoài cổ, bạn trân trọng những kỷ niệm và luôn tìm thấy ánh sáng trong quá khứ.	玉米糖：開朗懷舊，你珍藏回憶，總能在過去找到光明。
Golden Pumpkin Luck:fortune smiles on you; every risk brings unexpected rewards this week.	Golden Pumpkin Luck:fortune smiles on you; every risk brings unexpected rewards this week.	ゴールデンパンプキンラック:幸運はあなたに微笑みます。今週はすべてのリスクが予期せぬ報酬をもたらします。	حظ اليقطين الذهبي: الثروة تبتسم لك ؛ كل مخاطرة تجلب مكافآت غير متوقعة هذا الأسبوع.	Goldener Kürbis Glück: Das Glück lächelt dir zu; jedes Risiko bringt diese Woche unerwartete Belohnungen.	Suerte de calabaza dorada: la fortuna te sonríe; cada riesgo trae recompensas inesperadas esta semana.	Golden Pumpkin Luck : la fortune vous sourit ; chaque risque apporte des récompenses inattendues cette semaine.	Abóbora Dourada Sorte: a sorte sorri para você; cada risco traz recompensas inesperadas esta semana.	โชคฟักทองสีทอง: โชคลาภให้คุณ ทุกความเสี่ยงนำรางวัลที่ไม่คาดคิดมาให้ในสัปดาห์นี้	Golden Pumpkin Luck: tài lộc mỉm cười với bạn; mọi rủi ro đều mang lại phần thưởng bất ngờ trong tuần này.	金南瓜運：財運對你微笑；每一次冒險都會在本週帶來意想不到的回報。
Don’t fear endings.Every shadow hides a new beginning waiting for your courage to step forward.	Don’t fear endings.Every shadow hides a new beginning waiting for your courage to step forward.	終わりを恐れないでください。すべての影は新しい始まりを隠し、あなたの勇気が前進するのを待っています。	لا تخف من النهايات ، فكل ظل يخفي بداية جديدة في انتظار شجاعتك للتقدم.	Haben Sie keine Angst vor dem Ende. Jeder Schatten verbirgt einen neuen Anfang und wartet darauf, dass Ihr Mut nach vorne kommt.	No temas los finales. Cada sombra esconde un nuevo comienzo esperando que tu coraje dé un paso adelante.	N'ayez pas peur des fins. Chaque ombre cache un nouveau départ en attendant que votre courage avance.	Não tema finais. Cada sombra esconde um novo começo esperando que sua coragem dê um passo à frente.	อย่ากลัวตอนจบ ทุกเงาซ่อนการเริ่มต้นใหม่เพื่อรอให้ความกล้าหาญของคุณก้าวไปข้างหน้า	Đừng sợ kết thúc. Mỗi bóng tối đều ẩn chứa một khởi đầu mới chờ đợi sự can đảm của bạn bước tới.	不要害怕結束。每個陰影都隱藏着一個新的開始，等待你勇敢向前。
CRITICAL ADAPTABILITY	CRITICAL ADAPTABILITY	クリティカルアダプタビリティ	التكيف الحرج	KRITISCHE ANPASSUNGSFÄHIGKEIT	ADAPTABILIDAD CRÍTICA	ADAPTABILITÉ CRITIQUE	ADAPTABILIDADE CRÍTICA	การปรับตัวที่สำคัญ	KHẢ NĂNG THÍCH HỢP	臨界適應性
You receive the gift of effortless financial stability all year.	You receive the gift of effortless financial stability all year.	あなたは一年中楽な財政的安定の贈り物を受け取ります。	تتلقى هدية الاستقرار المالي السهل طوال العام.	Sie erhalten das ganze Jahr über das Geschenk müheloser finanzieller Stabilität.	Recibes el regalo de una estabilidad financiera sin esfuerzo durante todo el año.	Vous recevez le cadeau d'une stabilité financière sans effort toute l'année.	Você recebe o dom da estabilidade financeira sem esforço durante todo o ano.	คุณได้รับของขวัญแห่งความมั่นคงทางการเงินอย่างง่ายดายตลอดทั้งปี	Bạn nhận được món quà ổn định tài chính dễ dàng cả năm.	你全年都能輕鬆獲得財務穩定的禮物。
You will meet someone who changes everything.	You will meet someone who changes everything.	あなたはすべてを変える人に出会うでしょう。	سوف تقابل شخصًا يغير كل شيء.	Sie werden jemanden treffen, der alles verändert.	Conocerás a alguien que lo cambia todo.	Vous allez rencontrer quelqu'un qui change tout.	Você vai conhecer alguém que muda tudo.	คุณจะได้พบกับคนที่เปลี่ยนแปลงทุกอย่าง	Bạn sẽ gặp một người thay đổi mọi thứ.	你會遇到一個改變一切的人。
You will find the person whose quiet strength is your emotional anchor.	You will find the person whose quiet strength is your emotional anchor.	あなたは、静かな強さがあなたの感情の錨である人を見つけるでしょう。	سوف تجد الشخص الذي تكون قوته الهادئة هي المرساة العاطفية.	Sie werden die Person finden, deren stille Stärke Ihr emotionaler Anker ist.	Encontrarás a la persona cuya fuerza silenciosa es tu ancla emocional.	Vous trouverez la personne dont la force tranquille est votre ancre émotionnelle.	Você encontrará a pessoa cuja força silenciosa é sua âncora emocional.	คุณจะพบคนที่มีความแข็งแกร่งอย่างเงียบ ๆ เป็นจุดยึดทางอารมณ์ของคุณ	Bạn sẽ tìm thấy người có sức  thầm lặng là mỏ neo tình cảm của bạn.	你會找到一個人，他的安靜力量是你的情感錨。
Zero work burnout	Zero work burnout	仕事での燃え尽き症候群ゼロ	صفر نضوب العمل	Null-Arbeits-Burnout	Cero agotamiento laboral	Zéro épuisement professionnel	Esgotamento de trabalho zero	ความเหนื่อยหน่ายในการทำงานเป็นศูนย์	Không làm việc kiệt sức	零工作倦怠
Significant annual bonus	Significant annual bonus	一年間の大きなボーナス	مكافأة سنوية كبيرة	Erheblicher Jahresbonus	Bono anual significativo	Bonus annuel important	Bônus anual significativo	โบนัสประจำปีที่สำคัญ	Tiền thưởng hàng năm đáng kể	可觀的年度獎金
Perfect side hustle	Perfect side hustle	完璧な副業	صخب جانبي مثالي	Perfekter Nebenerwerb	Ajetreo lateral perfecto	Agitation latérale parfaite	Agitação lateral perfeita	ความเร่งรีบด้านที่สมบูรณ์แบบ	Hoàn hảo bên hối hả	完美的側推
Career skill mastery	Career skill mastery	キャリアスキルの習得	المهارة المهنية إتقان	Beherrschung beruflicher Fähigkeiten	Dominio de habilidades profesionales	Maîtrise des compétences professionnelles	Domínio de habilidades de carreira	ความวชาญทักษะอาชีพ	Thành thạo kỹ năng nghề nghiệp	職業技能掌握
Daily smart spending	Daily smart spending	毎日のスマートな支出	الإنفاق الذكي اليومي	Tägliche intelligente Ausgaben	Gasto diario inteligente	Dépenses intelligentes quotidiennes	Gasto inteligente diário	การใช้จ่ายที่ชาญฉลาดทุกวัน	Chi tiêu thông minh hàng ngày	每日智能支出
Rome, Italy	Rome, Italy	ローマ,イタリア	روما, إيطاليا	Rom, Italien	Roma, Italia	Rome, Italie	Roma, Itália	โรม อิตาลี	Rome, Ý	羅馬，意大利
Kyoto, Japan	Kyoto, Japan	日本の京都	كيوتو ، اليابان	Kyoto, Japan	Kioto, Japón	Kyoto, Japon	Kyoto, Japão	เกียวโต ประเทศญี่ปุ่น	Kyoto, Nhật Bản	日本京都
Cairo, Egypt	Cairo, Egypt	カイロ,エジプト	القاهرة, مصر	Kairo, Ägypten	El Cairo, Egipto	Le Caire, Égypte	Cairo, Egito	ไคโร อียิปต์	Cairo, Ai Cập	埃及開羅
Athens, Greece	Athens, Greece	アテネ,ギリシャ	أثينا ، اليونان	Athen, Griechenland	Atenas, Grecia	Athènes, Grèce	Atenas, Grécia	เอเธนส์ กรีซ	Athens, Hy Lạp	Athens，希臘
Machu Picchu, Peru	Machu Picchu, Peru	マチュピチュ,ペルー	ماتشو بيتشو ، بيرو	Machu Picchu, Peru	Machu Picchu, Perú	Machu Picchu, Pérou	Machu Picchu, Peru	มาชูปิกชู เป	Machu Picchu, Peru	祕魯馬丘比丘
Focus	Focus	フォーカス	التركيز	Fokus	Enfoque	Focus	Foco	โฟกัส	Tập trung	聚焦
Launch	Launch	打ち上げ	إطلاق	Start	Lanzamiento	Lancement	Lançamento	เปิดตัว	Khởi động	發射
Execution	Execution	実行する	إعدام	Ausführung	Ejecución	Exécution	Execução	การดำเนินการ	Hành quyết	行刑
Mastery	Mastery	マスタリー	إتقان	Beherrschung	Maestría	Maîtrise	Maestria	ความวชาญ	Làm chủ	精通
Growth	Growth	成長	النمو	Wachstum	Crecimiento	Croissance	Crescimento	การเจริญเติบโต	Tăng trưởng	成長
"Your success lies in your infectious positivity. You find light in the darkest corners and share that warmth. Your enduring belief in a better tomorrow is a powerful force for change.
"	"Your success lies in your infectious positivity. You find light in the darkest corners and share that warmth. Your enduring belief in a better tomorrow is a powerful force for change.
"	"あなたの成功はあなたの伝染性のポジティブさにあります。あなたは最も暗い隅に光を見つけ、その暖かさを共有します。より良い明日へのあなたの永続的な信念は、変化のための強力な力です。
"	"نجاحك يكمن في إيجابيتك المعدية. تجد الضوء في أحلك الزوايا وتشارك هذا الدفء. إيمانك الدائم بغد أفضل هو قوة قوية للتغيير.
"	"Ihr Erfolg liegt in Ihrer ansteckenden Positivität. Sie finden Licht in den dunkelsten Ecken und teilen diese Wärme. Ihr beständiger Glaube an eine bessere Zukunft ist eine starke Kraft für Veränderungen.
"	"Tu éxito radica en tu positividad contagiosa. Encuentras luz en los rincones más oscuros y compartes esa calidez. Tu creencia duradera en un mañana mejor es una fuerza poderosa para el cambio.
"	"Votre succès réside dans votre positivité contagieuse. Vous trouvez la lumière dans les coins les plus sombres et partagez cette chaleur. Votre croyance durable en un avenir meilleur est une puissante force de changement.
"	"Seu sucesso está em sua positividade infecciosa. Você encontra luz nos cantos mais escuros e compartilha esse calor. Sua crença duradoura em um amanhã melhor é uma força poderosa para a mudança.
"	"ความสำเร็จของคุณอยู่ที่ความเป็นบวกที่ติดเชื้อของคุณ คุณพบแสงสว่างในมุมที่มืดที่สุดและแบ่งปันความอบอุ่นนั้น ความเชื่อที่ยั่งยืนของคุณในวันพรุ่งนี้ที่ดีกว่าคือพลังอันทรงพลังสำหรับการเปลี่ยนแปลง
"	"Thành công của bạn nằm ở sự tích cực truyền nhiễm của bạn. Bạn tìm thấy ánh sáng trong những góc tối nhất và chia sẻ sự ấm áp đó. Niềm tin lâu dài của bạn  một ngày mai tốt đẹp hơn là một động lực  mẽ để thay đổi.
"	"你的成功在於你具有感染力的積極。你在最黑暗的角落找到光明，分享溫暖。你對更美好明天的持久信念是變革的強大力量。
"
The Unplugged Decaf: You are perpetually tired, exist only for the ritual, and your presence changes nothing.	The Unplugged Decaf: You are perpetually tired, exist only for the ritual, and your presence changes nothing.	アンプラグド・デカフェ:あなたは永遠に疲れており、儀式のためだけに存在し、あなたの存在は何も変えません。	The Unplugged Decaf: أنت متعب دائمًا ، ولا توجد إلا من أجل الطقوس ، ولا يغير وجودك شيئًا.	Der Unplugged Decaf: Du bist ewig müde, existierst nur für das Ritual, und deine Anwesenheit ändert nichts.	El Desenchufado: Estás perpetuamente cansado, existes solo para el ritual y tu presencia no cambia nada.	Le décaféiné débranché : Vous êtes perpétuellement fatigué, n'existez que pour le rituel et votre présence ne change rien.	The Unplugged Descafeinado: Você está perpetuamente cansado, existe apenas para o ritual, e sua presença não muda nada.	Decaf ที่ถอดปลั๊ก: คุณเหนื่อยตลอดเวลา มีอยู่สำหรับพิธีกรรมเท่านั้น และการปรากฏตัวของคุณไม่เปลี่ยนแปลงอะไรเลย	Decaf rút phích : Bạn thường xuyên mệt mỏi, chỉ tồn tại cho nghi lễ và sự hiện diện của bạn không thay đổi gì.	不插電的無咖啡因咖啡：你永遠很累，只爲了儀式而存在，你的存在不會改變任何事情。
A loved one who has passed is still watching over you from heaven.	A loved one who has passed is still watching over you from heaven.	亡くなった愛する人がまだ天国からあなたを見守っています。	الحبيب الذي مات لا يزال يراقبك من السماء.	Ein geliebter Mensch, der verstorben ist, wacht immer noch vom Himmel über Sie.	Un ser querido que ha fallecido todavía te cuida desde el cielo.	Un être cher qui est décédé veille toujours sur vous depuis le ciel.	Um ente querido que já faleceu ainda está cuidando de você do céu.	คนที่คุณรักที่ผ่านไปยังคงเฝ้าดูคุณจากสวรรค์	Một người thân yêu đã qua đời vẫn đang dõi theo bạn từ thiên đường.	一個過世的愛人還在天堂守護着你。
A jealous friend who envies the light you carry.	A jealous friend who envies the light you carry.	あなたが持っている光を羨ましがる嫉妬深い友人。	صديق غيور يحسد النور الذي تحمله.	Ein eifersüchtiger Freund, der dich um das Licht beneidet, das du trägst.	Un amigo celoso que envidia la luz que llevas.	Un ami jaloux qui envie la lumière que vous portez.	Um amigo ciumento que inveja a luz que você carrega.	เพื่อนขี้หึงที่อิจฉาแสงที่คุณพกติดตัว	Một người bạn ghen tị ghen tị với ánh sáng bạn mang theo.	嫉妒你攜帶的光的嫉妒的朋友。
Pumpkin	Pumpkin	かぼちゃ	اليقطين	Kürbis	Calabaza	Citrouille	Abóbora	ฟักทอง	Bí ngô	南瓜
Scientists are baffled by the individual who can survive solely on the leftover energy from an empty cup of coffee for an entire work day.	Scientists are baffled by the individual who can survive solely on the leftover energy from an empty cup of coffee for an entire work day.	科学者たちは、一日中空のコーヒーカップから残ったエネルギーだけで生き残ることができる個人に困惑しています。	يشعر العلماء بالحيرة من الفرد الذي يمكنه البقاء على قيد الحياة فقط على الطاقة المتبقية من فنجان قهوة فارغ ليوم عمل كامل.	Wissenschaftler sind verblüfft über den Einzelnen, der einen ganzen Arbeitstag lang allein von der übrig gebliebenen Energie einer leeren Tasse Kaffee leben kann.	Los científicos están desconcertados por el individuo que puede sobrevivir únicamente con la energía sobrante de una taza de café vacía durante todo un día de trabajo.	Les scientifiques sont déconcertés par l'individu qui peut survivre uniquement avec l'énergie restante d'une tasse de café vide pendant toute une journée de travail.	Os cientistas ficam perplexos com o indivíduo que pode sobreviver apenas com a energia restante de uma xícara de café vazia por um dia inteiro de trabalho.	นักวิทยาศาสตร์้สึกงุนงงกับบุคคลที่สามารถอยู่รอดได้ด้วยพลังงานที่เหลือจากกาแฟเปล่าหนึ่งถ้วยตลอดทั้งวันทำงาน	Các nhà khoa học bị bối rối bởi cá nhân có thể sống sót chỉ bằng năng lượng còn sót lại từ một tách cà phê rỗng trong cả ngày làm việc.	科學家們感到困惑的是，一個人一整天都只能靠一杯空咖啡剩餘的能量生存。
A stranger will cross your path, bringing both mystery and a spark of love.	A stranger will cross your path, bringing both mystery and a spark of love.	見知らぬ人があなたの道を横切り、謎と愛の火花をもたらします。	سوف يعبر شخص غريب طريقك ، ويجلب لك الغموض وشرارة الحب.	Ein Fremder wird deinen Weg kreuzen und dir sowohl ein Geheimnis als auch einen Funken Liebe bringen.	Un extraño se cruzará en tu camino, trayendo misterio y una chispa de amor.	Un étranger croisera votre chemin, apportant à la fois du mystère et une étincelle d'amour.	Um estranho cruzará seu caminho, trazendo mistério e uma centelha de amor.	คนแปลกหน้าจะข้ามเส้นทางของคุณนำทั้งความลึกลับและประกายแห่งความรัก	Một người lạ sẽ băng qua con đường của bạn, mang lại cả bí ẩn và một tia sáng của tình yêu.	一個陌生人會穿過你的道路，帶來神祕和愛的火花。
The Shadow’s Whisper: you see what others hide, reading truth in silence and power in the unseen.	The Shadow’s Whisper: you see what others hide, reading truth in silence and power in the unseen.	影のささやき:あなたは他の人が隠しているものを見て、沈黙の中で真実を読み、見えないものに力を見出します。	همس الظل: ترى ما يخفيه الآخرون ، تقرأ الحقيقة في صمت وقوة في الغيب.	Das Flüstern des Schattens: Du siehst was andere sich verstecken, die Wahrheit in der Stille lesen und die Macht im Unsichtbaren.	El susurro de la sombra: ves lo que otros esconden, leyendo la verdad en silencio y el poder en lo invisible.	Le murmure de l'ombre : vous voyez ce que les autres cachent, lisant la vérité dans le silence et le pouvoir dans l'invisible.	O Sussurro da Sombra: você vê o que os outros escondem, lendo a verdade em silêncio e o poder no invisível.	เสียงกระซิบของเงา: คุณเห็นสิ่งที่คนอื่นซ่อน อ่านความจริงในความเงียบและอำนาจในสิ่งที่มองไม่เห็น	The Shadow 's Whisper: bạn thấy những gì người khác che giấu, đọc sự thật trong im lặng và quyền lực trong vô hình.	影子的低語：你看到別人隱藏的東西，在沉默中閱讀真理，在看不見的地方閱讀力量。
Vampire’s Burning Kiss	Vampire’s Burning Kiss	吸血鬼の燃えるキス	قبلة مصاص الدماء المحترقة	Der brennende Kuss des Vampirs	Beso Ardiente De Vampiro	Le baiser brûlant du vampire	Beijo Ardente Do Vampiro	จูบเผาแวมไพร์	Nụ hôn cháy bỏng của ma cà rồng	吸血鬼的燃燒之吻
I'm a Vampire	I'm a Vampire	私は吸血鬼です	انا مصاص دماء	Ich bin ein Vampir	Soy un vampiro	Je suis un vampire	Eu sou um vampiro	ฉันเป็นแวมไพร์	Tôi là ma cà rồng	我是吸血鬼
Pumpkin Lollipop:creative and a little dramatic, you love attention but give warmth in return.	Pumpkin Lollipop:creative and a little dramatic, you love attention but give warmth in return.	カボチャのロリポップ:創造的で少しドラマチック、あなたは注目を愛していますが、代わりに暖かさを与えます。	اليقطين المصاصة: خلاقة ودرامية بعض الشيء ، تحب الاهتمام ولكن تعطي الدفء في المقابل.	Pumpkin Lollipop: kreativ und ein wenig dramatisch, Sie lieben Aufmerksamkeit, geben aber Wärme zurück.	Piruleta de calabaza: creativa y un poco dramática, amas la atención pero das calidez a cambio.	Sucette à la citrouille : créative et un peu dramatique, vous aimez l'attention mais donnez de la chaleur en retour.	Pirulito de abóbora: criativo e um pouco dramático, você adora atenção, mas dá calor em troca.	ฟักทองอม: สร้างสรรค์และน่าทึ่งเล็กน้อยคุณรักความสนใจ แต่ให้ความอบอุ่นเป็นการตอบแทน	Pumpkin Lollipop: sáng tạo và một chút kịch tính, bạn thích sự chú ý nhưng đáp lại sự ấm áp.	南瓜棒棒糖：有創意，有點戲劇性，你喜歡關注，但回報是溫暖。
Haunted Fortune:luck comes and goes, but your charm keeps turning mishaps into magic.	Haunted Fortune:luck comes and goes, but your charm keeps turning mishaps into magic.	ホーンテッド・フォーチュン:運は来たり去ったりしますが、あなたの魅力は不運を魔法に変え続けます。	الحظ المسكون يأتي ويذهب ، لكن سحرك يستمر في تحويل الحوادث إلى سحر.	Haunted Fortune: Das Glück kommt und geht, aber dein Charme verwandelt Missgeschicke immer wieder in Magie.	Fortuna embrujada: la suerte va y viene, pero tu encanto sigue convirtiendo los percances en magia.	Fortune hantée : la chance va et vient, mais votre charme ne cesse de transformer les mésaventures en magie.	Sorte Assombrada: a sorte vem e vai, mas seu charme continua transformando contratempos em magia.	โชคลาภผีสิง: โชคมาและไป แต่เสน่ห์ของคุณยังคงเปลี่ยนอุบัติเหตุให้กลายเป็นเวทมนตร์	Vận may ma ám: vận may đến và đi, nhưng sự  của bạn cứ biến rủi ro thành ma thuật.	鬧鬼的財富：運氣來來去去，但你的魅力不斷把不幸變成魔法。
You’ve carried too much light for others; now, let the darkness teach you how to rest.	You’ve carried too much light for others; now, let the darkness teach you how to rest.	あなたは他人のためにあまりにも多くの光を運んできました。今、暗闇に休む方法を教えてもらいましょう。	لقد حملت الكثير من النور للآخرين. الآن ، دع الظلام يعلمك كيف ترتاح.	Du hast zu viel Licht für andere getragen; jetzt lass dich von der Dunkelheit lehren, wie man sich ausruht.	Has llevado demasiada luz para otros; ahora, deja que la oscuridad te enseñe a descansar.	Vous avez porté trop de lumière pour les autres ; maintenant, laissez les ténèbres vous apprendre à vous reposer.	Você carregou muita luz para os outros; agora, deixe a escuridão ensiná-lo a descansar.	คุณมีแสงสว่างมากเกินไปสำหรับผู้อื่น ตอนนี้ให้ความมืดสอนวิธีพักผ่อน	Bạn đã mang quá nhiều ánh sáng cho người khác; bây giờ, hãy để bóng tối dạy bạn cách nghỉ ngơi.	你爲別人帶來了太多的光明；現在，讓黑暗教你如何休息。
UNCANNY EMPATHY	UNCANNY EMPATHY	不気味なエンパシー	تعاطف قذر	UNKANNE EMPATHIE	EMPATÍA INCREÍBLE	EMPATHIE INCANNY	EMPATIA UNCANNY	UNANNY EMPATHY	CẢM XÚC BẤT NGỜ	難以捉摸的同情心
All your efforts will multiply in results, achieving goals sooner than expected.	All your efforts will multiply in results, achieving goals sooner than expected.	あなたのすべての努力は結果を増やし、予想よりも早く目標を達成するでしょう。	كل ما تبذلونه من جهود سوف تتضاعف في النتائج ، وتحقيق الأهداف في وقت أقرب مما كان متوقعا.	All Ihre Bemühungen werden sich in den Ergebnissen vervielfachen und die Ziele früher als erwartet erreichen.	Todos tus esfuerzos se multiplicarán en resultados, logrando metas antes de lo esperado.	Tous vos efforts se multiplieront en résultats, atteignant les objectifs plus tôt que prévu.	Todos os seus esforços se multiplicarão em resultados, alcançando metas antes do esperado.	ความพยายามทั้งหมดของคุณจะทวีคูณในผลลัพธ์ บรรลุเป้าหมายเร็วกว่าที่คาดไว้	Tất cả những nỗ lực của bạn sẽ nhân lên trong kết quả, đạt được mục tiêu sớm hơn dự kiến.	你所有的努力都會事半功倍，比預期更快地實現目標。
A hidden opportunity will finally reveal itself.	A hidden opportunity will finally reveal itself.	隠された機会がついに明らかになります。	فرصة خفية ستكشف عن نفسها في النهاية.	Eine verborgene Gelegenheit wird sich schließlich offenbaren.	Una oportunidad oculta finalmente se revelará.	Une opportunité cachée va enfin se révéler.	Uma oportunidade oculta finalmente se revelará.	โอกาสที่ซ่อนอยู่จะเปิดเผยตัวเองในที่สุด	Một cơ hội tiềm ẩn cuối cùng sẽ tự bộc lộ.	一個隱藏的機會最終會顯露出來。
The spontaneous adventurer who values shared laughter and new horizons will be your best partner.	The spontaneous adventurer who values shared laughter and new horizons will be your best partner.	共有された笑いと新しい地平を大切にする自発的な冒険家は、あなたの最高のパートナーになるでしょう。	سيكون المغامر العفوي الذي يقدر الضحك المشترك والآفاق الجديدة أفضل شريك لك.	Der spontane Abenteurer, der Wert auf gemeinsames Lachen und neue Horizonte legt, wird Ihr bester Partner sein.	El aventurero espontáneo que valora la risa compartida y los nuevos horizontes será tu mejor compañero.	L'aventurier spontané qui valorise le rire partagé et de nouveaux horizons sera votre meilleur partenaire.	O aventureiro espontâneo que valoriza o riso compartilhado e novos horizontes será seu melhor parceiro.	นักผจญภัยที่เกิดขึ้นเองซึ่งให้ความสำคัญกับเสียงหัวเราะร่วมกันและขอบฟ้าใหม่จะเป็นคู่หูที่ดีที่สุดของคุณ	Nhà thám hiểm tự phát coi trọng tiếng cười được chia sẻ và những chân trời mới sẽ là đối tác tốt nhất của bạn.	重視分享笑聲和新視野的自發冒險家將是你最好的夥伴。
Deeper family bond	Deeper family bond	より深い家族の絆	رابطة أسرية أعمق	Vertiefung der familiären Bindung	Vínculo familiar más profundo	Un lien familial plus profond	Vínculo familiar mais profundo	ความผูกพันในครอบครัวที่ลึกซึ้งยิ่งขึ้น	Mối quan hệ gia đình sâu sắc hơn	更深的家庭紐帶
New genuine friendships	New genuine friendships	新しい本物の友情	صداقات حقيقية جديدة	Neue echte Freundschaften	Nuevas amistades genuinas	De nouvelles amitiés authentiques	Novas amizades genuínas	มิตรภาพแท้ใหม่	Tình bạn chân chính mới	新的真正的友誼
Effortless social grace	Effortless social grace	楽な社会的優雅さ	نعمة اجتماعية بلا مجهود	Mühelose soziale Gnade	Gracia social sin esfuerzo	Grâce sociale sans effort	Graça social sem esforço	พระคุณทางสังคมอย่างง่ายดาย	Ân sủng xã hội dễ dàng	輕鬆的社交優雅
Conflict-free communication	Conflict-free communication	紛争のないコミュニケーション	التواصل الخالي من النزاعات	Konfliktfreie Kommunikation	Comunicación libre de conflictos	Communication sans conflit	Comunicação sem conflitos	การสื่อสารที่ปราศจากความขัดแย้ง	Giao tiếp không xung đột	無衝突溝通
Positive social impact	Positive social impact	ポジティブな社会的影響	الأثر الاجتماعي الإيجابي	Positive soziale Auswirkungen	Impacto social positivo	Impact social positif	Impacto social positivo	ผลกระทบทางสังคมในเชิงบวก	Tác động xã hội tích cực	積極的社會影響
Patagonia, Argentina	Patagonia, Argentina	パタゴニア,アルゼンチン	باتاغونيا ، الأرجنتين	Patagonien, Argentinien	Patagonia, Argentina	Patagonie, Argentine	Patagônia, Argentina	Patagonia อาร์เจนตินา	Patagonia, Argentina	阿根廷巴塔哥尼亞
Serengeti, Tanzania	Serengeti, Tanzania	セレンゲティ,タンザニア	سيرينغيتي ، تنزانيا	Serengeti, Tansania	Serengeti, Tanzania	Serengeti, Tanzanie	Serengeti, Tanzânia	เซเรนเกติ แทนซาเนีย	Serengeti, Tanzania	坦桑尼亞塞倫蓋蒂平原
Great Barrier Reef, Australia	Great Barrier Reef, Australia	グレートバリアリーフ,オーストラリア	الحاجز المرجاني العظيم ، أستراليا	Great Barrier Reef, Australien	Gran Barrera de Coral, Australia	Grande barrière de corail, Australie	Grande Barreira de Corais, Austrália	เกรท แบริเยร์ รีฟ ออสเตรเลีย	Rạn san hô Great Barrier, Úc	澳大利亞大堡礁
Iceland's Golden Circle	Iceland's Golden Circle	アイスランドのゴールデンサークル	الدائرة الذهبية في أيسلندا	Islands Goldener Kreis	Círculo Dorado de Islandia	Le cercle d'or de l'Islande	Círculo Dourado da Islândia	วงกลมทองคำของไอซ์แลนด์	Vòng tròn vàng của Iceland	冰島的黃金圈
Amazon Rainforest, Brazil	Amazon Rainforest, Brazil	Amazon Rainforest(ブラジル)	غابات الأمازون المطيرة ، البرازيل	Amazonas-Regenwald, Brasilien	Selva Amazónica, Brasil	Forêt amazonienne, Brésil	Floresta Amazônica, Brasil	ป่าฝนอเมซอน ประเทศบราซิล	Rừng nhiệt đới Amazon, Brazil	亞馬遜雨林，巴西
Savings	Savings	貯蓄	المدخرات	Einsparungen	Ahorros	Économies	Poupança	ออมทรัพย์	Tiết kiệm	儲蓄
Budget	Budget	予算	الميزانية	Haushalt	Presupuesto	Budget	Orçamento	งบประมาณ	Ngân sách	預算
Streamline	Streamline	ストリームライン	تبسيط	Stromlinie	Streamline	Rationaliser	Simplificar	คล่องตัว	Hợp lý hóa	精簡
Discipline	Discipline	しつけ	الانضباط	Disziplin	Disciplina	Discipline	Disciplina	วินัย	Kỷ luật	紀律
Optimize	Optimize	最適化する	تحسين	Optimieren	Optimice	Optimiser	Otimizar	เพิ่มประสิทธิภาพ	Tối ưu hóa	優化
"Your greatest triumph is deep, not loud. You are a catalyst, guiding others toward their potential without seeking the spotlight. Your achievement is measured by the growth and success stories you inspire.
"	"Your greatest triumph is deep, not loud. You are a catalyst, guiding others toward their potential without seeking the spotlight. Your achievement is measured by the growth and success stories you inspire.
"	"あなたの最大の勝利は深く、大声ではありません。あなたは触媒であり、スポットライトを求めることなく他の人を彼らの可能性に導きます。あなたの成果は、あなたがインスピレーションを与える成長と成功の物語によって測定されます。
"	"انتصارك الأعظم عميق وليس بصوت عالٍ. أنت محفز ، وتوجه الآخرين نحو إمكاناتهم دون السعي إلى تسليط الضوء. يقاس إنجازك بقصص النمو والنجاح التي تلهمك.
"	"Ihr größter Triumph ist tief, nicht laut. Sie sind ein Katalysator, der andere zu ihrem Potenzial führt, ohne das Rampenlicht zu suchen. Ihre Leistung wird an dem Wachstum und den Erfolgsgeschichten gemessen, die Sie inspirieren.
"	"Tu mayor triunfo es profundo, no ruidoso. Eres un catalizador, guiando a otros hacia su potencial sin buscar el centro de atención. Tu logro se mide por las historias de crecimiento y éxito que inspiras.
"	"Votre plus grand triomphe est profond, pas bruyant. Vous êtes un catalyseur, guidant les autres vers leur potentiel sans chercher les projecteurs. Votre réussite est mesurée par la croissance et les réussites que vous inspirez.
"	"Seu maior triunfo é profundo, não barulhento. Você é um catalisador, guiando os outros em direção ao seu potencial sem buscar os holofotes. Sua conquista é medida pelo crescimento e histórias de sucesso que você inspira.
"	"ชัยชนะที่ยิ่งใหญ่ที่สุดของคุณนั้นลึกไม่ดัง คุณเป็นตัวเร่งปฏิกิริยานำทางผู้อื่นไปสู่ศักยภาพของพวกเขาโดยไม่ต้องมองหาสปอตไลท์ ความสำเร็จของคุณวัดจากเรื่องราวการเติบโตและความสำเร็จที่คุณสร้างแรงบันดาลใจ
"	"Chiến thắng lớn nhất của bạn là sâu sắc, không ồn ào. Bạn là chất xúc tác, hướng dẫn người khác hướng tới tiềm năng của họ mà không cần tìm kiếm sự chú ý. Thành tích của bạn được đo lường bằng sự phát triển và câu chuyện thành công mà bạn truyền cảm hứng.
"	"你最大的勝利是深刻的，而不是響亮的。你是催化劑，引導他人走向他們的潛力，而不是尋求聚光燈。你的成就是由你激發的成長和成功故事來衡量的。
"
The Quad-Shot Espresso: You speak at 3x speed, require a safety harness, and scare people before 9 AM.	The Quad-Shot Espresso: You speak at 3x speed, require a safety harness, and scare people before 9 AM.	クアッドショットエスプレッソ:あなたは3倍速で話し、安全ハーネスが必要で、午前9時までに人々を怖がらせます。	إسبرسو Quad-Shot: أنت تتحدث بسرعة 3x ، وتحتاج إلى حزام أمان ، وتخيف الناس قبل الساعة 9 صباحًا.	Der Quad-Shot Espresso: Sie sprechen mit 3x Geschwindigkeit, benötigen einen Sicherheitsgurt und erschrecken Leute vor 9 Uhr morgens.	El Espresso Quad-Shot: Hablas a una velocidad 3x, requieres un arnés de seguridad y asustas a la gente antes de las 9 AM.	L'espresso Quad-Shot : Vous parlez à une vitesse 3x, avez besoin d'un harnais de sécurité et effrayez les gens avant 9 heures du matin.	O Quad-Shot Espresso: Você fala em velocidade 3x, requer um cinto de segurança e assusta as pessoas antes das 9h.	เอสเพรสโซ่ Quad-Shot: คุณพูดด้วยความเร็ว 3 เท่า ต้องใช้สายรัดนิรภัย และทำให้ผู้คนหวาดกลัวก่อน 9.00 น.	Quad-Shot Espresso: Bạn nói với tốc độ gấp 3 lần, yêu cầu dây an toàn và khiến mọi người sợ hãi trước 9 giờ sáng.	Quad-Shot Espresso：你以3倍的速度說話，需要安全帶，並在上午9點前嚇唬人。
A loyal animal spirit walks beside you, keeping you safe in silence.	A loyal animal spirit walks beside you, keeping you safe in silence.	忠実な動物の精霊があなたのそばを歩き、静かにあなたを守ります。	تسير بجانبك روح حيوانية مخلصة ، مما يحافظ على سلامتك في صمت.	Ein treuer Tiergeist geht neben dir her und beschützt dich in der Stille.	Un espíritu animal leal camina a tu lado, manteniéndote a salvo en silencio.	Un esprit animal loyal marche à vos côtés, vous gardant en sécurité en silence.	Um espírito animal leal caminha ao seu lado, mantendo-o seguro em silêncio.	วิญญาณสัตว์ที่ซื่อสัตย์เดินเคียงข้างคุณ ทำให้คุณปลอดภัยในความเงียบ	Một linh hồn động vật trung thành đi bên cạnh bạn, giữ cho bạn an toàn trong im lặng.	一個忠誠的動物精神走在你身邊，在沉默中保護你的安全。
Someone at work who hides their dislike behind polite smiles.	Someone at work who hides their dislike behind polite smiles.	丁寧な笑顔で嫌悪感を隠す職場の人。	شخص في العمل يخفي كراهيته وراء ابتسامات مهذبة.	Jemand bei der Arbeit, der seine Abneigung hinter höflichem Lächeln verbirgt.	Alguien en el trabajo que esconde su aversión detrás de sonrisas educadas.	Quelqu'un au travail qui cache son aversion derrière des sourires polis.	Alguém no trabalho que esconde sua antipatia atrás de sorrisos educados.	คนที่ทำงานที่ซ่อนความไม่ชอบไว้เบื้องหลังรอยที่สุภาพ	Một người nào đó ở nơi làm việc che giấu sự không thích của họ đằng sau nụ cười lịch sự.	工作中用禮貌的微笑來掩飾厭惡的人。
Bunny	Bunny	バニー	الأرنب	Hase	Conejito	Lapin	Coelho	กระต่าย	Thỏ	兔子
Featured on every travel channel for managing to relax completely on holiday without checking work emailseven once.	Featured on every travel channel for managing to relax completely on holiday without checking work emailseven once.	休日に仕事のメールを一度もチェックせずに完全にリラックスできたことで、すべての旅行チャンネルで特集されました。	ظهرت على كل قناة السفر لإدارة للاسترخاء تماما في عطلة دون التحقق من العمل emailseven مرة واحدة.	Wird auf jedem Reisekanal angezeigt, damit Sie sich im Urlaub völlig entspannen können, ohne die Arbeits-E-Mail sieben einmal abrufen zu müssen.	Destacado en todos los canales de viajes por lograr relajarse por completo en vacaciones sin revisar el correo electrónico de trabajo siete una vez.	Présenté sur tous les canaux de voyage pour réussir à se détendre complètement en vacances sans vérifier une fois les e-mails professionnels.	Destaque em todos os canais de viagens para conseguir relaxar completamente nas férias sem verificar o trabalho e-mailsete uma vez.	โดดเด่นในทุกช่องทางการเดินทางสำหรับการจัดการเพื่อผ่อนคลายอย่างสมบูรณ์ในวันหยุดโดยไม่ต้องตรวจสอบอีเมลที่ทำงานหนึ่งครั้ง	Nổi bật trên mọi kênh du lịch để quản lý để thư giãn hoàn toàn  kỳ nghỉ mà không cần kiểm tra email công việc một lần.	每個旅遊頻道都有特色，無需查看工作電子郵件即可在假期中完全放鬆。
Darkness fades — a long-kept wish will finally begin to take shape.	Darkness fades — a long-kept wish will finally begin to take shape.	暗闇が薄れていく-長年の願いがついに形を成し始める。	يتلاشى الظلام - ستبدأ الرغبة التي طال أمدها في التبلور أخيرًا.	Die Dunkelheit verblasst - ein lang gehegter Wunsch wird endlich Gestalt annehmen.	La oscuridad se desvanece: un deseo mantenido durante mucho tiempo finalmente comenzará a tomar forma.	L'obscurité s'estompe - un souhait longtemps gardé va enfin commencer à prendre forme.	A escuridão desaparece e um desejo prolongado finalmente começará a tomar forma.	ความมืดจางหายไป - ความปรารถนาที่มีมาช้านานจะเริ่มเป็นปเป็นร่างในที่สุด	Bóng tối mờ dần - một điều ước được lưu giữ từ lâu cuối cùng sẽ bắt đầu thành hình.	黑暗消退——一個長期保持的願望最終將開始成形。
The Moon’s Blessing: your emotions become your magic, turning love, pain, and longing into creation.	The Moon’s Blessing: your emotions become your magic, turning love, pain, and longing into creation.	月の祝福:あなたの感情はあなたの魔法になり、愛、痛み、そして切望を創造に変えます。	نعمة القمر: تصبح عواطفك سحرك ، وتحول الحب والألم والشوق إلى خلق.	Der Segen des Mondes: Ihre Emotionen werden zu Ihrer Magie und verwandeln Liebe, Schmerz und Sehnsucht in Schöpfung.	La Bendición de la Luna: tus emociones se convierten en tu magia, convirtiendo el amor, el dolor y el anhelo en creación.	La bénédiction de la Lune : vos émotions deviennent votre magie, transformant l'amour, la douleur et le désir en création.	A Bênção da Lua: suas emoções se tornam sua magia, transformando amor, dor e saudade em criação.	พรของดวงจันทร์: อารมณ์ของคุณกลายเป็นเวทมนตร์ เปลี่ยนความรัก ความเจ็บปวด และความปรารถนาในการสร้าง	Phước lành của Mặt trăng: cảm xúc của bạn trở thành phép thuật của bạn, biến tình yêu, nỗi đau và khao khát thành sự sáng tạo.	月亮的祝福：你的情感變成了你的魔法，把愛、痛苦和渴望變成了創造。
Witch’s Forbidden Kiss	Witch’s Forbidden Kiss	魔女の禁断のキス	قبلة الساحرة المحرمة	Verbotener Kuss der Hexe	Beso Prohibido De La Bruja	Le baiser interdit de la sorcière	Beijo Proibido Da Bruxa	จูบต้องห้ามของแม่มด	Nụ hôn bị cấm của phù thủy	女巫的禁忌之吻
I'm a Zombie	I'm a Zombie	私はゾンビです	انا زومبي	Ich bin ein Zombie	Soy un zombi	Je suis un zombie	Eu sou um zumbi	ฉันเป็นซอมบี้	Tôi là một thây ma	我是殭屍
Chocolate Skull:bold and mysterious, you hide passion behind calm eyes and a fearless smile.	Chocolate Skull:bold and mysterious, you hide passion behind calm eyes and a fearless smile.	チョコレートスカル:大胆で神秘的なあなたは、穏やかな目と恐れを知らない笑顔の裏に情熱を隠しています。	جمجمة الشوكولاتة: جريئة وغامضة ، تخفي شغفك خلف عيون هادئة وابتسامة شجاعة.	Schokoladenschädel: Kühn und geheimnisvoll verstecken Sie Ihre Leidenschaft hinter ruhigen Augen und einem furchtlosen Lächeln.	Calavera de Chocolate: audaz y misteriosa, escondes la pasión detrás de ojos tranquilos y una sonrisa intrépida.	Crâne en chocolat : audacieux et mystérieux, vous cachez votre passion derrière des yeux calmes et un sourire intrépide.	Crânio de Chocolate: ousado e misterioso, você esconde a paixão atrás de olhos calmos e um sorriso destemido.	กะโหลกช็อคโกแลต: กล้าหาญและลึกลับ คุณซ่อนความหลงใหลไว้เบื้องหลังดวงตาที่สงบและรอยที่กล้าหาญ	Hộp sọ sô cô la: táo bạo và bí ẩn, bạn che giấu niềm đam mê đằng sau đôi mắt điềm tĩnh và nụ cười không sợ hãi.	巧克力骷髏：大膽而神祕，你平靜的眼睛和無畏的微笑背後隱藏着激情。
Witch’s Trick:beware of temptation; not everything sweet is meant for you.	Witch’s Trick:beware of temptation; not everything sweet is meant for you.	魔女のトリック:誘惑に注意してください。すべての甘いものがあなたのために意図されているわけではありません。	خدعة الساحرة: احذر من الإغراء ؛ ليس كل شيء حلو مخصص لك.	Hexentrick: Hüte dich vor der Versuchung; nicht alles Süße ist für dich bestimmt.	Truco de bruja: cuidado con la tentación; no todo lo dulce es para ti.	Truc de sorcière : méfiez-vous de la tentation ; tout ce qui est sucré n'est pas fait pour vous.	Truque da Bruxa: cuidado com a tentação; nem tudo doce é feito para você.	เคล็ดลับของแม่มด: ระวังสิ่งล่อใจ ไม่ใช่ทุกสิ่งที่หวานมีไว้สำหรับคุณ	Witch 's Trick: hãy cẩn thận với sự cám dỗ; không phải mọi thứ ngọt ngào đều dành cho bạn.	女巫的詭計：當心誘惑；不是所有甜蜜的東西都是給你的。
The ghosts of your past don’t haunt you.They guide you toward who you’re meant to become.	The ghosts of your past don’t haunt you.They guide you toward who you’re meant to become.	あなたの過去の幽霊はあなたを追いかけるわけではありません。彼らはあなたがなるべき人物に導きます。	أشباح ماضيك لا تطاردك ، إنها ترشدك نحو ما من المفترض أن تصبح عليه.	Die Geister deiner Vergangenheit verfolgen dich nicht, sie führen dich zu dem, was du werden sollst.	Los fantasmas de tu pasado no te persiguen. Te guían hacia quien estás destinado a convertirte.	Les fantômes de votre passé ne vous hantent pas, ils vous guident vers qui vous êtes censé devenir.	Os fantasmas do seu passado não o assombram. Eles o guiam em direção a quem você deveria se tornar.	ผีในอดีตของคุณไม่ได้หลอกหลอนคุณ พวกมันนำทางคุณไปสู่สิ่งที่คุณตั้งใจจะเป็น	Những bóng ma trong quá khứ của bạn không ám ảnh bạn. Chúng hướng dẫn bạn về con người mà bạn muốn trở thành.	你過去的幽靈不會困擾你。他們引導你走向你註定要成爲的人。
LONG-TERM VISION	LONG-TERM VISION	長期ビジョン	رؤية طويلة الأجل	LANGFRISTIGE VISION	VISIÓN A LARGO PLAZO	VISION À LONG TERME	VISÃO DE LONGO PRAZO	การมองเห็นระยะยาว	TẦM NHÌN DÀI HẠN	長期願景
Your internal energy tank will always be full, banishing fatigue and procrastination.	Your internal energy tank will always be full, banishing fatigue and procrastination.	あなたの内部エネルギータンクは常に満杯で、疲れや先延ばしを追い払います。	سيكون خزان الطاقة الداخلي الخاص بك ممتلئًا دائمًا ، مما يؤدي إلى التخلص من التعب والمماطلة.	Ihr innerer Energietank wird immer voll sein und Müdigkeit und Zaudern vertreiben.	Su tanque de energía interno siempre estará lleno, desterrando la fatiga y la procrastinación.	Votre réservoir d'énergie interne sera toujours plein, bannissant la fatigue et la procrastination.	Seu tanque interno de energia estará sempre cheio, banindo o cansaço e a procrastinação.	ถังพลังงานภายในของคุณจะเต็มเสมอ ขจัดความเหนื่อยล้าและการผัดวันประกันพรุ่ง	Bình năng lượng bên trong của bạn sẽ luôn , xua đuổi sự mệt mỏi và trì hoãn.	你的內在能量罐將永遠充滿，消除疲勞和拖延。
Your hard work will bring unexpected rewards.	Your hard work will bring unexpected rewards.	あなたの努力は予期せぬ報酬をもたらすでしょう。	عملك الشاق سيجلب مكافآت غير متوقعة.	Ihre harte Arbeit wird unerwartete Belohnungen bringen.	Tu trabajo duro traerá recompensas inesperadas.	Votre travail acharné apportera des récompenses inattendues.	Seu trabalho duro trará recompensas inesperadas.	การทำงานหนักของคุณจะนำรางวัลที่ไม่คาดคิดมาให้	Sự chăm chỉ của bạn sẽ mang lại những phần thưởng bất ngờ.	你的努力會帶來意想不到的回報。
Your partner is a sharp intellectual who sparks deep conversations and challenges your perspective.	Your partner is a sharp intellectual who sparks deep conversations and challenges your perspective.	あなたのパートナーは、深い会話を引き起こし、あなたの視点に挑戦する鋭い知識人です。	شريكك مثقف حاد يثير محادثات عميقة ويتحدى وجهة نظرك.	Ihr Partner ist ein scharfer Intellektueller, der tiefgreifende Gespräche anregt und Ihre Perspektive herausfordert.	Tu pareja es un intelectual agudo que provoca conversaciones profundas y desafía tu perspectiva.	Votre partenaire est un intellectuel pointu qui suscite des conversations profondes et remet en question votre point de vue.	Seu parceiro é um intelectual perspicaz que desencadeia conversas profundas e desafia sua perspectiva.	คู่ของคุณเป็นนักปราชญ์ที่เฉียบแหลมซึ่งจุดประกายการสนทนาที่ลึกซึ้งและท้าทายมุมมองของคุณ	Đối tác của bạn là một trí thức nhạy bén, người khơi dậy những cuộc trò chuyện sâu sắc và thách thức quan điểm của bạn.	你的伴侶是一個敏銳的知識分子，他會引發深入的對話，挑戰你的觀點。
Unshakable good sleep	Unshakable good sleep	不動の良い眠り	نوم جيد لا يتزعزع	Unerschütterlich guter Schlaf	Buen sueño inquebrantable	Bon sommeil inébranlable	Inabalável bom sono	นอนหลับดีไม่สั่นคลอน	Giấc ngủ ngon không thể lay chuyển	不可動搖的好睡眠
Optimal physical fitness	Optimal physical fitness	最適な体力	اللياقة البدنية المثلى	Optimale körperliche Fitness	Aptitud física óptima	Une forme physique optimale	Aptidão física ideal	สมรรถภาพทางกายที่เหมาะสมที่สุด	Thể chất tối ưu	最佳體能
Stress-free mornings	Stress-free mornings	ストレスフリーな朝	صباحات خالية من الإجهاد	Stressfreie Morgen	Mañanas sin estrés	Des matins sans stress	Manhãs sem estresse	ตอนเช้าที่ปราศจากความเครียด	Buổi sáng không căng thẳng	無壓力的早晨
Consistent daily energy	Consistent daily energy	一定の毎日のエネルギー	طاقة يومية ثابتة	Konstante tägliche Energie	Energía diaria constante	Une énergie quotidienne constante	Energia diária consistente	พลังงานรายวันที่สม่ำเสมอ	Năng lượng hàng ngày nhất quán	持續的每日能量
Instant calm focus	Instant calm focus	インスタント落ち着いたフォーカス	التركيز الهدوء الفوري	Sofortiger ruhiger Fokus	Enfoque de calma instantánea	Focus calme instantané	Foco calmo instantâneo	โฟกัสสงบทันที	Tập trung bình tĩnh tức thì	瞬間冷靜專注
New York City, USA	New York City, USA	アメリカ合衆国ニューヨーク市	مدينة نيويورك ، الولايات المتحدة الأمريكية	New York City, USA	Nueva York, Estados Unidos	New York, États-Unis	Nova Iorque, EUA	นิวยอร์กซิตี้ สหรัฐอเมริกา	Thành phố New York, Hoa Kỳ	紐約市，USA
Paris, France	Paris, France	Paris,フランス	باريس ، فرنسا	Paris, Frankreich	París, Francia	Paris, France	Paris, França	ปารีส ฝรั่งเศส	Paris, Pháp	法國巴黎
Tokyo, Japan	Tokyo, Japan	東京,日本	طوكيو ، اليابان	Tokio, Japan	Tokio, Japón	Tokyo, Japon	Tóquio, Japão	โตเกียว ประเทศญี่ปุ่น	Tokyo, Nhật Bản	日本東京
London, UK	London, UK	イギリス、ロンドン	لندن ، المملكة المتحدة	London, Vereinigtes Königreich	Londres, Reino Unido	Londres, Royaume-Uni	Londres, Reino Unido	ลอนดอน สหราชอาณาจักร	Luân Đôn, Vương quốc Anh	倫敦，UK
Seoul, South Korea	Seoul, South Korea	ソウル,韓国	Seoul, كوريا الجنوبية	Seoul, Südkorea	Seúl, Corea del Sur	Séoul, Corée du Sud	Seul, Coreia do Sul	โซล เกาหลีใต้	Seoul, Hàn Quốc	首爾，韓國
Energy	Energy	エネルギー	الطاقة	Energie	Energía	Énergie	Energia	พลังงาน	Năng lượng	能源
Balance	Balance	バランス	التوازن	Gleichgewicht	Equilibrio	Balance	Equilíbrio	สมดุล	Cân bằng	平衡
Presence	Presence	プレゼンス	التواجد	Anwesenheit	Presencia	Présence	Presença	การมีอยู่	Sự hiện diện	存在
Rest	Rest	休む	راحة	Ruhe	Descansa	Repos	Descanse	พักผ่อน	Nghỉ ngơi	休息
Renewal	Renewal	リニューアル	التجديد	Erneuerung	Renovación	Renouvellement	Renovação	ต่ออายุ	Đổi mới	續約
This headline celebrates doing things the right way. You navigated complexities with unwavering ethics, showing that integrity is the foundation for lasting success. Your actions are a model of honesty and genuine goodwill.	This headline celebrates doing things the right way. You navigated complexities with unwavering ethics, showing that integrity is the foundation for lasting success. Your actions are a model of honesty and genuine goodwill.	この見出しは、物事を正しい方法で行うことを祝います。あなたは揺るぎない倫理観で複雑さをナビゲートし、誠実さが永続的な成功の基盤であることを示しています。あなたの行動は誠実さと本物の善意のモデルです。	يحتفل هذا العنوان بفعل الأشياء بالطريقة الصحيحة. لقد اجتازت التعقيدات بأخلاقيات لا تتزعزع ، وأظهرت أن النزاهة هي أساس النجاح الدائم. أفعالك هي نموذج للصدق وحسن النية الحقيقي.	Diese Schlagzeile zelebriert, Dinge auf die richtige Weise zu tun. Sie haben die Komplexität mit einer unerschütterlichen Ethik gemeistert und gezeigt, dass Integrität die Grundlage für dauerhaften Erfolg ist. Ihr Handeln ist ein Vorbild für Ehrlichkeit und echten guten Willen.	Este titular celebra hacer las cosas de la manera correcta. Navegaste por las complejidades con ética inquebrantable, mostrando que la integridad es la base del éxito duradero. Tus acciones son un modelo de honestidad y buena voluntad genuina.	Ce titre célèbre le fait de faire les choses de la bonne façon. Vous avez navigué dans les complexités avec une éthique inébranlable, montrant que l'intégrité est le fondement d'un succès durable. Vos actions sont un modèle d'honnêteté et de bonne volonté authentique.	Esta manchete celebra fazer as coisas da maneira certa. Você navegou pelas complexidades com uma ética inabalável, mostrando que a integridade é a base para o sucesso duradouro. Suas ações são um modelo de honestidade e boa vontade genuína.	พาดหัวข่าวนี้เฉลิมฉลองการทำสิ่งต่าง ๆ อย่างถูกวิธี คุณสำรวจความซับซ้อนด้วยจริยธรรมที่ไม่เปลี่ยนแปลงแสดงให้เห็นว่าความซื่อสัตย์เป็นรากฐานสำหรับความสำเร็จที่ยั่งยืน การกระทำของคุณเป็นแบบอย่างของความซื่อสัตย์และความปรารถนาดีอย่างแท้จริง	Tiêu đề này tôn vinh việc làm mọi thứ đúng cách. Bạn điều hướng sự phức tạp với đạo đức vững chắc, cho thấy rằng tính chính trực là nền tảng để thành công lâu dài. Hành động của bạn là một hình mẫu của sự trung thực và thiện chí thực sự.	這個標題慶祝以正確的方式做事。你以堅定不移的道德駕馭複雜性，表明正直是持久成功的基礎。你的行爲是誠實和真誠善意的典範。
The Pumpkin Spice Latte: You are highly seasonal, deeply beloved by basic crowds, and 80% whipped cream.	The Pumpkin Spice Latte: You are highly seasonal, deeply beloved by basic crowds, and 80% whipped cream.	パンプキンスパイスラテ:あなたは非常に季節的で、基本的な人々に深く愛されており、80%がホイップクリームです。	The Pumpkin Spice Latte: أنت موسمي للغاية ، ومحبوب للغاية من قبل الحشود الأساسية ، و 80 ٪ كريمة مخفوقة.	Der Pumpkin Spice Latte: Sie sind sehr saisonal, bei einfachen Leuten sehr beliebt und haben 80% Schlagsahne.	El Latte de Especias de Calabaza: Eres muy estacional, profundamente querido por multitudes básicas y 80% de crema batida.	Le Pumpkin Spice Latte : Vous êtes très saisonnier, profondément aimé des foules de base et de la crème fouettée à 80 %.	O Pumpkin Spice Latte: Você é altamente sazonal, profundamente amado por multidões básicas e 80% de chantilly.	ฟักทองเครื่องเทศลาเต้: คุณเป็นคนที่มีฤดูกาลสูง เป็นที่รักของฝูงชนขั้นพื้นฐาน และวิปครีม 80%	Pumpkin Spice Latte: Bạn rất theo mùa, được đám đông cơ bản yêu thích sâu sắc và 80% kem  bông.	南瓜香料拿鐵：你是高度季節性的，深受基本人羣的喜愛，80%是生奶油。
The person you least expected has secretly been protecting your heart.	The person you least expected has secretly been protecting your heart.	あなたが最も予想していなかった人が、密かにあなたの心を守っていました。	الشخص الذي لم تتوقعه كان يحمي قلبك سراً.	Die Person, die Sie am wenigsten erwartet haben, hat insgeheim Ihr Herz beschützt.	La persona que menos esperabas ha estado protegiendo secretamente tu corazón.	La personne à laquelle vous vous attendiez le moins a secrètement protégé votre cœur.	A pessoa que você menos esperava tem secretamente protegido seu coração.	คนที่คุณคาดหวังน้อยที่สุดได้ปกป้องหัวใจของคุณอย่างลับๆ	Người mà bạn ít mong đợi nhất đã bí mật bảo vệ trái tim của bạn.	那個你最意想不到的人，一直在暗中保護着你的心。
A stranger who knows nothing about you, but projects their bitterness anyway.	A stranger who knows nothing about you, but projects their bitterness anyway.	あなたについて何も知らない見知らぬ人ですが、それでも彼らの苦しみを投影します。	غريب لا يعرف شيئًا عنك ، لكنه يبرز مرارته على أي حال.	Ein Fremder, der nichts über Sie weiß, aber trotzdem seine Bitterkeit projiziert.	Un extraño que no sabe nada de ti, pero proyecta su amargura de todos modos.	Un étranger qui ne sait rien de vous, mais qui projette quand même son amertume.	Um estranho que não sabe nada sobre você, mas projeta sua amargura de qualquer maneira.	คนแปลกหน้าที่ไม่้อะไรเกี่ยวกับคุณ แต่ฉายความขมขื่นของพวกเขาต่อไป	Một người lạ không biết gì về bạn, nhưng dù sao cũng thể hiện sự cay đắng của họ.	一個對你一無所知的陌生人，卻投射出他們的痛苦。
Angel	Angel	エンジェル	ملاك	Engel	Ángel	Angel	Anjo	นางฟ้า	Thiên thần	天使
Scientists confirm this person can consistently fall asleep within 30 seconds of deciding to, a power previously thought impossible for modern adults.	Scientists confirm this person can consistently fall asleep within 30 seconds of deciding to, a power previously thought impossible for modern adults.	科学者たちは、この人が決定してから30秒以内に一貫して眠りに落ちることができることを確認しています。これは、現代の大人には不可能と考えられていた力です。	يؤكد العلماء أن هذا الشخص يمكن أن ينام باستمرار في غضون 30 ثانية من اتخاذ قراره ، وهي قوة كان يعتقد سابقًا أنها مستحيلة بالنسبة للبالغين المعاصرين.	Wissenschaftler bestätigen, dass diese Person innerhalb von 30 Sekunden nach der Entscheidung ständig einschlafen kann - eine Fähigkeit, die für moderne Erwachsene bisher als unmöglich galt.	Los científicos confirman que esta persona puede dormirse constantemente a los 30 segundos de decidir, un poder que antes se pensaba imposible para los adultos modernos.	Les scientifiques confirment que cette personne peut constamment s'endormir dans les 30 secondes suivant sa décision, un pouvoir que l'on pensait auparavant impossible pour les adultes modernes.	Os cientistas confirmam que essa pessoa pode adormecer consistentemente dentro de 30 segundos após decidir, um poder que antes era considerado impossível para os adultos modernos.	นักวิทยาศาสตร์ยืนยันว่าบุคคลนี้สามารถผล็อยหลับไปอย่างต่อเนื่องภายใน 30 วินาทีหลังจากตัดสินใจ ซึ่งเป็นพลังที่ก่อนหน้านี้คิดว่าเป็นไปไม่ได้สำหรับผู้ใหญ่สมัยใหม่	Các nhà khoa học xác nhận người này có thể liên tục ngủ trong vòng 30 giây sau khi quyết định, một sức  trước đây được cho là không thể đối với  hiện đại.	科學家證實，這個人可以在決定睡覺後30秒內持續入睡，這是以前認爲現代成年人不可能做到的。
Beware of illusions — something that shines may not be what it seems.	Beware of illusions — something that shines may not be what it seems.	幻想に注意してください-輝くものが見えるものと異なる場合があります。	احذر من الأوهام - فالشيء الذي يلمع قد لا يكون كما يبدو.	Hüten Sie sich vor Illusionen - etwas, das glänzt, ist vielleicht nicht was es scheint.	Cuidado con las ilusiones: algo que brilla puede no ser lo que parece.	Méfiez-vous des illusions - quelque chose qui brille peut ne pas être ce qu'il semble.	Cuidado com as ilusões algo que brilha pode não ser o que parece.	ระวังภาพลวงตา - สิ่งที่เปล่งประกายอาจไม่ใช่สิ่งที่ดูเหมือน	Cẩn thận với ảo tưởng - thứ gì đó tỏa sáng có thể không giống như vẻ ngoài của nó.	當心幻覺——發光的東西可能不是看起來的那樣。
The Raven’s Sight: you sense fate before it happens, guided by intuition sharper than reason.	The Raven’s Sight: you sense fate before it happens, guided by intuition sharper than reason.	レイヴンズ・サイト:理性よりも鋭い直感に導かれ、運命が起こる前にそれを感じる。	مشهد الغراب: تشعر بالقدر قبل حدوثه ، مسترشدًا بالحدس أكثر حدة من العقل.	The Raven 's Sight: Du spürst das Schicksal, bevor es passiert, geleitet von einer Intuition, die schärfer ist als die Vernunft.	La vista del cuervo: sientes el destino antes de que suceda, guiado por una intuición más aguda que la razón.	La vue du corbeau : vous sentez le destin avant qu'il n'arrive, guidé par une intuition plus tranchante que la raison.	A Visão do Corvo: você sente o destino antes que ele aconteça, guiado pela intuição mais aguda que a razão.	สายตาของกา: คุณสัมผัสได้ถึงโชคชะตาก่อนที่มันจะเกิดขึ้น นำโดยสัญชาตญาณที่คมชัดกว่าเหตุผล	The Raven 's Sight: bạn cảm nhận được số phận trước khi nó xảy ra, được hướng dẫn bởi trực giác sắc bén hơn lý trí.	烏鴉之眼：你在命運發生之前就感覺到它，被比理性更敏銳的直覺所引導。
Ghost’s Eternal Kiss	Ghost’s Eternal Kiss	幽霊の永遠のキス	قبلة الشبح الأبدية	Ewiger Kuss des Geistes	El Beso Eterno Del Fantasma	Le baiser éternel du fantôme	Beijo Eterno Do Fantasma	จูบนิรันดร์ของผี	Nụ hôn vĩnh cửu của ma	鬼魂的永恆之吻
I'm a Skeleton	I'm a Skeleton	私はスケルトン	أنا هيكل عظمي	Ich bin ein Skelett	Soy un Esqueleto	Je suis un squelette	Eu sou um esqueleto	ฉันเป็นโครงกระดูก	Tôi là một bộ xương	我是鋼架雪車
Caramel Apple:loyal and grounded, you seek simple joys and protect those you love fiercely.	Caramel Apple:loyal and grounded, you seek simple joys and protect those you love fiercely.	キャラメルアップル:忠実で地に足のついた、あなたはシンプルな喜びを求め、激しく愛する人々を守ります。	كراميل أبل: مخلص ومتأصل ، تبحث عن أفراح بسيطة وتحمي من تحبهم بشدة.	Karamell-Apfel: Sie sind loyal und geerdet, suchen einfache Freuden und beschützen diejenigen, die Sie heftig lieben.	Manzana de caramelo: leal y castigado, buscas alegrías sencillas y proteges ferozmente a los que amas.	Caramel Apple : loyal et ancré, vous recherchez des joies simples et protégez farouchement ceux que vous aimez.	Maçã Caramelo: leal e fundamentada, você busca alegrias simples e protege aqueles que ama ferozmente.	คาราเมลแอปเปิ้ล: ภักดีและมีเหตุผล คุณแสวงหาความสุขง่ายๆ และปกป้องคนที่คุณรักอย่างดุเดือด	Caramel Apple: trung thành và có căn cứ, bạn tìm kiếm những niềm vui đơn giản và bảo vệ những người bạn yêu thương một cách quyết liệt.	焦糖蘋果：忠誠而腳踏實地，你尋求簡單的快樂，保護你激烈愛的人。
Candy Curse:chaos ahead, yet your playful heart will laugh through every twist of fate.	Candy Curse:chaos ahead, yet your playful heart will laugh through every twist of fate.	キャンディカース:混沌が待ち受けていますが、あなたの遊び心は運命のあらゆる曲がり角を笑い飛ばします。	لعنة الحلوى: الفوضى المقبلة ، ولكن قلبك لعوب سوف تضحك من خلال كل تطور من مصير.	Candy Curse: Chaos steht bevor, doch dein verspieltes Herz wird durch jede Wendung des Schicksals lachen.	Candy Curse: caos por delante, pero tu corazón juguetón se reirá de cada giro del destino.	Candy Curse : chaos à venir, mais votre cœur ludique rira à chaque rebondissement du destin.	Candy Curse: caos à frente, mas seu coração brincalhão vai rir de cada reviravolta do destino.	คำสาปลูกกวาด: ความโกลาหลข้างหน้า แต่หัวใจขี้เล่นของคุณจะหัวเราะผ่านโชคชะตาทุกประเภท	Candy Curse: hỗn loạn phía trước, nhưng trái tim vui tươi của bạn sẽ cười qua từng khúc quanh của số phận.	糖果詛咒：前方一片混亂，然而你頑皮的心會嘲笑每一次命運的扭曲。
Love that survives fear is the truest kind.Dare to let someone see your shadow and your flame.	Love that survives fear is the truest kind.Dare to let someone see your shadow and your flame.	恐怖を乗り越える愛こそが真の愛です。誰かにあなたの影と炎を見せる勇気を持ってください。	الحب الذي ينجو من الخوف هو أصدق نوع ، تجرأ على السماح لشخص ما برؤية ظلك ولهبك.	Liebe, die die Angst überlebt, ist die wahrhaftigste Art. Wage es, jemanden deinen Schatten und deine Flamme sehen zu lassen.	El amor que sobrevive al miedo es el tipo más verdadero. Atrévete a dejar que alguien vea tu sombra y tu llama.	L'amour qui survit à la peur est le genre le plus vrai. Osez laisser quelqu'un voir votre ombre et votre flamme.	O amor que sobrevive ao medo é o tipo mais verdadeiro. Ouse deixar alguém ver sua sombra e sua chama.	ความรักที่รอดชีวิตจากความกลัวเป็นชนิดที่แท้จริง กล้าให้ใครเห็นเงาและเปลวไฟของคุณ	Tình yêu sống sót sau nỗi sợ hãi là loại chân thật nhất. Dám để ai đó nhìn thấy bóng tối và ngọn lửa của bạn.	戰勝恐懼的愛是最真實的。敢於讓別人看到你的影子和火焰。
MINDSET RESILIENCE	MINDSET RESILIENCE	マインドセットレジリエンス	عقلية المرونة	MINDSET-WIDERSTANDSFÄHIGKEIT	RESILIENCIA MENTAL	RÉSILIENCE MINDSET	RESILIÊNCIA MINDSET	ความยืดหยุ่นของ MINDSET	MINDSET RESILIENCE	心態韌性
A wave of calm washes over all major decisions, ensuring you choose the best path.	A wave of calm washes over all major decisions, ensuring you choose the best path.	すべての重要な決定に静けさの波が押し寄せ、あなたが最良の道を選ぶことを保証します。	موجة من الهدوء تغسل جميع القرارات الرئيسية ، مما يضمن لك اختيار أفضل مسار.	Eine Welle der Ruhe überzieht alle wichtigen Entscheidungen und stellt sicher, dass Sie den besten Weg wählen.	Una ola de calma impregna todas las decisiones importantes, asegurándote de elegir el mejor camino.	Une vague de calme envahit toutes les décisions importantes, vous assurant de choisir la meilleure voie.	Uma onda de calma passa por todas as principais decisões, garantindo que você escolha o melhor caminho.	คลื่นแห่งความสงบล้างเหนือการตัดสินใจที่สำคัญทั้งหมดเพื่อให้แน่ใจว่าคุณเลือกเส้นทางที่ดีที่สุด	Một làn sóng bình tĩnh rửa sạch tất cả các quyết định lớn, đảm bảo bạn chọn con đường tốt nhất.	一股平靜的浪潮沖刷着所有重大決定，確保你選擇最佳路徑。
A secret will come to light, surprising you.	A secret will come to light, surprising you.	あなたを驚かせる秘密が明らかになるでしょう。	سوف يأتي سر للضوء ، مفاجأة لك.	Ein Geheimnis wird ans Licht kommen und Sie überraschen.	Un secreto saldrá a la luz, sorprendiéndote.	Un secret va se révéler, vous surprendre.	Um segredo virá à tona, surpreendendo você.	ความลับจะปรากฏขึ้นทำให้คุณประหลาดใจ	Một bí mật sẽ được đưa ra ánh sáng, làm bạn ngạc nhiên.	一個祕密會曝光，讓你大喫一驚。
You will find the person whose presence is a source of effortless, calming warmth.	You will find the person whose presence is a source of effortless, calming warmth.	あなたは、存在が努力を必要とせず、落ち着いた暖かさの源である人を見つけるでしょう。	سوف تجد الشخص الذي يكون وجوده مصدرًا للدفء الهادئ والهادئ.	Sie werden die Person finden, deren Anwesenheit eine Quelle müheloser, beruhigender Wärme ist.	Encontrarás a la persona cuya presencia es una fuente de calor sin esfuerzo y calmante.	Vous trouverez la personne dont la présence est une source de chaleur apaisante et sans effort.	Você encontrará a pessoa cuja presença é uma fonte de calor calmante e sem esforço.	คุณจะพบคนที่มีสถานะเป็นแหล่งของความอบอุ่นที่สงบและง่ายดาย	Bạn sẽ tìm thấy người mà sự hiện diện của họ là nguồn ấm áp dễ dàng, êm dịu.	你會發現那個人的存在是毫不費力、平靜溫暖的源泉。
Perfect dream vacation	Perfect dream vacation	完璧な夢のバケーション	عطلة الحلم المثالي	Perfekter Traumurlaub	Vacaciones perfectas de ensueño	Des vacances de rêve parfaites	Férias de sonho perfeitas	วันหยุดในฝันที่สมบูรณ์แบบ	Kỳ nghỉ trong mơ hoàn hảo	完美夢幻假期
New cultural passion	New cultural passion	新しい文化への情熱	شغف ثقافي جديد	Neue kulturelle Leidenschaft	Nueva pasión cultural	Nouvelle passion culturelle	Nova paixão cultural	ความหลงใหลในวัฒนธรรมใหม่	Niềm đam mê văn hóa mới	新的文化激情
Spontaneous weekend trips	Spontaneous weekend trips	自発的な週末旅行	رحلات نهاية الأسبوع العفوية	Spontane Wochenendausflüge	Viajes espontáneos de fin de semana	Voyages spontanés le week-end	Viagens espontâneas de fim de semana	ทริปวันหยุดสุดสัปดาห์ที่เกิดขึ้นเอง	Những chuyến đi cuối tuần tự phát	自發的週末旅行
Fearless new experiences	Fearless new experiences	大胆不敵な新しい体験	تجارب جديدة بلا خوف	Furchtlose neue Erfahrungen	Nuevas experiencias sin miedo	De nouvelles expériences intrépides	Novas experiências destemidas	ประสบการณ์ใหม่ที่กล้าหาญ	Trải nghiệm mới không sợ hãi	無畏的新體驗
Reliable travel budget	Reliable travel budget	信頼できる旅行予算	ميزانية سفر موثوقة	Zuverlässiges Reisebudget	Presupuesto de viaje confiable	Budget voyage fiable	Orçamento de viagem confiável	งบประมาณการเดินทางที่เชื่อถือได้	Ngân sách du lịch đáng tin cậy	可靠的差旅預算
Maldives	Maldives	モルディブ	المالديف	Malediven	Maldivas	Maldives	Maldivas	มัลดีฟส์	Maldives	馬爾代夫
Santorini, Greece	Santorini, Greece	Santorini,ギリシャ	سانتوريني, اليونان	Santorin, Griechenland	Santorini, Grecia	Santorin, Grèce	Santorini, Grécia	ซานโตรินี กรีซ	Santorini, Hy Lạp	Santorini，希臘
Bali, Indonesia	Bali, Indonesia	バリ,インドネシア	بالي ، إندونيسيا	Bali, Indonesien	Bali, Indonesia	Bali, Indonésie	Bali, Indonésia	บาหลี อินโดนีเซีย	Bali, Indonesia	印尼巴厘島
Cinque Terre, Italy	Cinque Terre, Italy	チンクエテッレ,イタリア	Cinque Terre, إيطاليا	Cinque Terre, Italien	Cinque Terre, Italia	Cinque Terre, Italie	Cinque Terre, Itália	Cinque Terre อิตาลี	Cinque Terre, Ý	五漁村酒店，意大利
Phuket, Thailand	Phuket, Thailand	プーケット,タイ	فوكيت, تايلاند	Phuket, Thailand	Phuket, Tailandia	Phuket, Thaïlande	Phuket, Tailândia	ภูเก็ต ประเทศไทย	Phuket, Thái Lan	普吉島，泰國
Connect	Connect	接続する	ربط	Verbinden	Conectarse	Connectez-vous	Conectar	เชื่อมต่อ	Kết nối	連接
Listen	Listen	拝聴する	اسمع	Hören Sie zu	Escucha	Écoutez	Ouço	ฟัง	Lắng nghe	聽
Empathy	Empathy	共感する	التعاطف	Einfühlungsvermögen	Empatía	Empathie	Empatia	ความเห็นอกเห็นใจ	Sự đồng cảm	同理心
Fun	Fun	楽しい	المرح	Spaß	Diversión	Amusant	Diversão	สนุก	Vui vẻ	樂趣
Support	Support	サポート	الدعم	Unterstützung	Apoyo	Support	Apoio, suporte	สนับสนุน	Hỗ trợ	支持
Your strength is in your bounce-back ability. You mastered the art of learning from hard times. Every obstacle conquered reinforced your profound self-belief, making you unstoppable. Your comeback is an inspiration to all.	Your strength is in your bounce-back ability. You mastered the art of learning from hard times. Every obstacle conquered reinforced your profound self-belief, making you unstoppable. Your comeback is an inspiration to all.	あなたの強さはあなたのバウンスバック能力にあります。あなたは困難な時期から学ぶ芸術を習得しました。克服されたすべての障害はあなたの深い自己信念を強化し、あなたを止められないものにしました。あなたのカムバックはすべての人にとってインスピレーションです。	قوتك تكمن في قدرتك على الارتداد. لقد أتقنت فن التعلم من الأوقات الصعبة. كل عقبة تم التغلب عليها عززت إيمانك العميق بالنفس ، مما يجعلك لا يمكن إيقافك. عودتك هي مصدر إلهام للجميع.	Deine Stärke liegt in deiner Fähigkeit, wieder aufzustehen. Du hast die Kunst des Lernens aus schwierigen Zeiten gemeistert. Jedes eroberte Hindernis hat dein tiefes Selbstvertrauen gestärkt und dich unaufhaltsam gemacht. Dein Comeback ist eine Inspiration für alle.	Tu fuerza está en tu capacidad de recuperación. Dominaste el arte de aprender de tiempos difíciles. Cada obstáculo conquistado reforzó tu profunda confianza en ti mismo, haciéndote imparable. Tu regreso es una inspiración para todos.	Votre force réside dans votre capacité de rebond. Vous avez maîtrisé l'art d'apprendre des moments difficiles. Chaque obstacle surmonté a renforcé votre profonde confiance en vous, vous rendant imparable. Votre retour est une inspiration pour tous.	Sua força está em sua capacidade de recuperação. Você dominou a arte de aprender com os tempos difíceis. Cada obstáculo conquistado reforçou sua profunda autoconfiança, tornando-o imparável. Seu retorno é uma inspiração para todos.	ความแข็งแกร่งของคุณอยู่ในความสามารถในการตีกลับของคุณ คุณวชาญศิลปะการเรียน้จากช่วงเวลาที่ยากลำบาก ทุกอุปสรรคพิชิตเสริมความเชื่อในตนเองอย่างลึกซึ้งของคุณทำให้คุณผ่านพ้นไม่ได้ การกลับมาของคุณเป็นแรงบันดาลใจให้กับทุกคน	Sức  của bạn nằm ở khả năng hồi phục. Bạn đã thành thạo nghệ thuật học hỏi từ những thời điểm khó khăn. Mỗi trở ngại chinh phục đều củng cố niềm tin sâu sắc của bạn, khiến bạn không thể ngăn cản. Sự trở lại của bạn là nguồn cảm hứng cho tất cả.	你的力量在於你的反彈能力。你掌握了從困難時期學習的藝術。征服的每一個障礙都增強了你深刻的自信，使你勢不可擋。你的復出對所有人來說都是一種激勵。
The Black Iced Brew: You are brutally honest, zero-sugar, and probably judge everyone else's life choices.	The Black Iced Brew: You are brutally honest, zero-sugar, and probably judge everyone else's life choices.	ブラックアイスブルー:あなたは残酷に正直で、砂糖ゼロであり、おそらく他の人の人生の選択を判断します。	المشروب المثلج الأسود: أنت صادق بوحشية ، وخالي من السكر ، وربما تحكم على خيارات حياة أي شخص آخر.	Das Black Iced Brew: Sie sind brutal ehrlich, zuckerfrei und beurteilen wahrscheinlich die Lebensentscheidungen aller anderen.	The Black Iced Brew: Eres brutalmente honesto, sin azúcar y probablemente juzgas las elecciones de vida de todos los demás.	The Black Iced Brew : Vous êtes brutalement honnête, sans sucre et jugez probablement les choix de vie de tout le monde.	The Black Iced Brew: Você é brutalmente honesto, sem açúcar e provavelmente julga as escolhas de vida de todos os outros.	เบียร์เย็นดำ: คุณซื่อสัตย์อย่างไร้ความปราณี ไม่มีน้ำตาล และอาจตัดสินการเลือกชีวิตของคนอื่น	The Black Iced Brew: Bạn trung thực một cách tàn nhẫn, không đường và có thể  giá lựa chọn cuộc sống của người khác.	黑冰鎮啤酒：你非常誠實，零糖，可能會評判其他人的生活選擇。
The strength of your ancestors flows through you, guiding your every step.	The strength of your ancestors flows through you, guiding your every step.	先祖の力が皆さんを通って流れ、皆さんの一歩一歩を導いています。	تتدفق قوة أسلافك من خلالك ، وتوجه كل خطوة.	Die Kraft deiner Vorfahren fließt durch dich und leitet jeden deiner Schritte.	La fuerza de tus antepasados fluye a través de ti, guiando cada paso.	La force de vos ancêtres coule à travers vous, guidant chacun de vos pas.	A força de seus ancestrais flui através de você, guiando cada passo seu.	ความแข็งแกร่งของบรรพบุรุษของคุณไหลผ่านคุณ นำทางทุกย่างก้าวของคุณ	Sức  của tổ tiên bạn chảy qua bạn, hướng dẫn từng bước của bạn.	你祖先的力量流經你，指引着你的每一步。
A past lover who still can’t stand seeing you move on.	A past lover who still can’t stand seeing you move on.	あなたが前に進むのをまだ見ることができない過去の恋人。	عاشق سابق لا يزال غير قادر على تحمل رؤيتك تمضي قدمًا.	Ein ehemaliger Liebhaber, der es immer noch nicht ertragen kann, dass du weiterziehst.	Un amante del pasado que todavía no puede soportar verte seguir adelante.	Un ancien amant qui ne supporte toujours pas de te voir passer à autre chose.	Um ex-amante que ainda não suporta ver você seguir em frente.	คนรักในอดีตที่ยังทนไม่ได้ที่จะเห็นคุณก้าวต่อไป	Một người yêu trong quá khứ vẫn không thể chịu đựng được khi thấy bạn bước tiếp.	一個仍然無法忍受看到你繼續前進的過去的愛人。
Teddy	Teddy	テディ	تيدي	Teddy	Peluche	Teddy	Ursinho de pelúcia	เท็ดดี้	Teddy	泰迪
The person who managed to cook a gourmet meal and clean the entire kitchenbefore the delivery driver could arrive with takeout.	The person who managed to cook a gourmet meal and clean the entire kitchenbefore the delivery driver could arrive with takeout.	配達ドライバーがテイクアウトを持って到着する前に、グルメな食事を調理し、キッチン全体を掃除することに成功した人。	الشخص الذي تمكن من طهي وجبة شهية وتنظيف المطبخ بأكمله قبل أن يصل سائق التوصيل مع تناول الطعام في الخارج.	Die Person, die es geschafft hat, ein Gourmet-Essen zu kochen und die gesamte Küche zu reinigen, bevor der Lieferfahrer mit einem Imbiss ankommen konnte.	La persona que logró cocinar una comida gourmet y limpiar toda la cocina antes de que el repartidor pudiera llegar con comida para llevar.	La personne qui a réussi à préparer un repas gastronomique et à nettoyer toute la cuisine avant que le livreur puisse arriver avec des plats à emporter.	A pessoa que conseguiu cozinhar uma refeição gourmet e limpar toda a cozinha antes que o motorista de entrega pudesse chegar com comida para viagem.	คนที่สามารถทำอาหารรสเลิศและทำความสะอาดห้องครัวทั้งหมดก่อนที่คนขับรถส่งของจะมาถึงพร้อมกับซื้อกลับบ้าน	Người quản lý để nấu một bữa ăn ngon và dọn dẹp toàn bộ nhà bếp trước khi tài xế giao hàng có thể đến với đồ mang đi.	在送貨司機帶着外賣到達之前，設法做了一頓美餐並打掃了整個廚房的人。
The flame trembles… chaos awaits, but through it, you’ll find your true power.	The flame trembles… chaos awaits, but through it, you’ll find your true power.	炎が震える...混沌が待っているが、それを通して、あなたは本当の力を見つけることができます。	اللهب يرتجف... الفوضى تنتظر ، ولكن من خلال ذلك ، ستجد قوتك الحقيقية.	Die Flamme zittert... das Chaos erwartet dich, aber durch sie wirst du deine wahre Kraft finden.	La llama tiembla... el caos espera, pero a través de él, encontrarás tu verdadero poder.	La flamme tremble... le chaos vous attend, mais à travers elle, vous trouverez votre véritable pouvoir.	A chama treme... o caos espera, mas através dela, você encontrará seu verdadeiro poder.	เปลวไฟสั่นสะเทือน.. ความโกลาหลรออยู่ แต่ผ่านมันไป คุณจะพบพลังที่แท้จริงของคุณ	Ngọn lửa run rẩy... hỗn loạn đang chờ đợi, nhưng thông qua nó, bạn sẽ tìm thấy sức  thực sự của mình.	火焰顫抖…混亂等待着你，但是通過它，你會找到你真正的力量。
The Storm Within: chaos surrounds you, but you command it, turning every wild moment into strength.	The Storm Within: chaos surrounds you, but you command it, turning every wild moment into strength.	内なる嵐:混沌があなたを取り巻いていますが、あなたはそれを支配し、すべての荒々しい瞬間を強さに変えます。	العاصفة في الداخل: الفوضى تحيط بك ، لكنك تأمر بها ، وتحول كل لحظة جامحة إلى قوة.	Der Sturm im Inneren: Das Chaos umgibt dich, aber du befehligst es und verwandelst jeden wilden Moment in Stärke.	La Tormenta Interior: el caos te rodea, pero tú lo mandas, convirtiendo cada momento salvaje en fuerza.	La tempête intérieure : le chaos vous entoure, mais vous le commandez, transformant chaque moment sauvage en force.	A Tempestade Interior: o caos o rodeia, mas você o comanda, transformando cada momento selvagem em força.	พายุภายใน: ความโกลาหลล้อมรอบคุณ แต่คุณสั่งมันเปลี่ยนทุกช่วงเวลาป่าให้กลายเป็นความแข็งแกร่ง	The Storm Within: hỗn loạn bao quanh bạn, nhưng bạn chỉ huy nó, biến mọi khoảnh khắc hoang dã thành sức .	內在風暴：混亂包圍着你，但你命令它，把每一個狂野的時刻變成力量。
Monster’s Wild Kiss	Monster’s Wild Kiss	モンスターのワイルドなキス	قبلة الوحش البرية	Der wilde Kuss des Monsters	El beso salvaje del monstruo	Le baiser sauvage du monstre	Beijo Selvagem Do Monstro	จูบป่าของสัตว์ประหลาด	Nụ hôn hoang dã của quái vật	怪物的狂野之吻
I'm a Ghost	I'm a Ghost	私は幽霊です	انا شبح	Ich bin ein Geist	Soy un fantasma	Je suis un fantôme	Eu sou um fantasma	ฉันเป็นผี	Tôi là một con ma	我是幽靈
Witch’s Toffee:clever, mischievous, and unpredictable, you turn chaos into charm wherever you go.	Witch’s Toffee:clever, mischievous, and unpredictable, you turn chaos into charm wherever you go.	魔女のトフィー:賢く、いたずら好きで予測不可能なあなたは、どこへ行っても混沌を魅力に変えます。	Witch 's Toffee: ذكي ، مؤذ ، ولا يمكن التنبؤ به ، يمكنك تحويل الفوضى إلى سحر أينما ذهبت.	Witch 's Toffee: Klug, schelmisch und unberechenbar verwandeln Sie Chaos in Charme, wo immer Sie hingehen.	Toffee de bruja: inteligente, travieso e impredecible, conviertes el caos en encanto donde quiera que vayas.	Caramel de sorcière : intelligent, espiègle et imprévisible, vous transformez le chaos en charme où que vous alliez.	Caramelo de Bruxa: inteligente, travesso e imprevisível, você transforma o caos em charme onde quer que vá.	ทอฟฟี่ของแม่มด: ฉลาด ซุกซน และคาดเดาไม่ได้ คุณเปลี่ยนความโกลาหลให้กลายเป็นเสน่ห์ทุกที่ที่คุณไป	Kẹo bơ  phù thủy: thông minh, tinh nghịch và không thể đoán trước, bạn biến sự hỗn loạn thành sự  mọi lúc mọi nơi.	女巫的太妃糖：聰明、淘氣、不可預測，無論你走到哪裏，你都會把混亂變成魅力。
Moon’s Blessing:calm energy surrounds you; peace, clarity, and small miracles follow your path.	Moon’s Blessing:calm energy surrounds you; peace, clarity, and small miracles follow your path.	月の祝福:穏やかなエネルギーがあなたを包み込み、平和、明晰さ、そして小さな奇跡があなたの道を追いかけます。	نعمة القمر: الطاقة الهادئة تحيط بك ؛ السلام والوضوح والمعجزات الصغيرة تتبع طريقك.	Mondsegen: Ruhige Energie umgibt dich; Frieden, Klarheit und kleine Wunder folgen deinem Weg.	Bendición de la luna: la energía tranquila te rodea; paz, claridad y pequeños milagros siguen tu camino.	Bénédiction de la Lune : une énergie calme vous entoure ; paix, clarté et petits miracles suivent votre chemin.	Bênção da Lua: uma energia calma o cerca; paz, clareza e pequenos milagres seguem seu caminho.	พรของดวงจันทร์: พลังงานสงบล้อมรอบคุณ ความสงบ ความชัดเจน และปาฏิหาริย์เล็กๆ เป็นไปตามเส้นทางของคุณ	Phước lành của mặt trăng: năng lượng bình tĩnh bao quanh bạn; hòa bình, rõ ràng và những phép màu nhỏ đi theo con đường của bạn.	月亮的祝福：平靜的能量圍繞着你；和平、清晰和小奇蹟跟隨着你的道路。
You are both the curse and the blessing.Once you accept that, the world will bend toward your will.	You are both the curse and the blessing.Once you accept that, the world will bend toward your will.	あなたは呪いであり、祝福でもあります。それを受け入れれば、世界はあなたの意志に向かって曲がります。	أنت اللعنة والنعمة ، وبمجرد أن تقبل ذلك ، سينحني العالم نحو إرادتك.	Du bist sowohl der Fluch als auch der Segen. Sobald du das akzeptierst, wird sich die Welt deinem Willen beugen.	Eres tanto la maldición como la bendición. Una vez que aceptes eso, el mundo se inclinará hacia tu voluntad.	Vous êtes à la fois la malédiction et la bénédiction. Une fois que vous acceptez cela, le monde se pliera à votre volonté.	Você é a maldição e a bênção. Depois de aceitar isso, o mundo se curvará em direção à sua vontade.	คุณเป็นทั้งคำสาปและพร เมื่อคุณยอมรับสิ่งนั้น โลกจะโค้งงอไปตามความประสงค์ของคุณ	Bạn vừa là lời nguyền vừa là sự ban phước. Một khi bạn chấp nhận điều đó, thế giới sẽ uốn cong theo ý muốn của bạn.	你既是詛咒也是祝福。一旦你接受了這一點，世界就會向你的意願屈服。
EXCEPTIONAL SELF-AWARENESS	EXCEPTIONAL SELF-AWARENESS	例外的な自己認識	الوعي الذاتي الاستثنائي	AUSSERGEWÖHNLICHES SELBSTBEWUSSTSEIN	CONCIENCIACIÓN EXCEPCIONAL DE SÍ MISMO	CONSCIENCE DE SOI EXCEPTIONNELLE	AUTOCONSCIÊNCIA EXCEPCIONAL	การรับ้ตนเองที่ยอดเยี่ยม	NGOẠI LỆ TỰ NHẬN THỨC	非凡的自我意識
You gain the special power of finding amazing opportunities in the most unexpected places.	You gain the special power of finding amazing opportunities in the most unexpected places.	あなたは最も予期せぬ場所で素晴らしい機会を見つける特別な力を得ます。	تكتسب القوة الخاصة لإيجاد فرص مذهلة في أكثر الأماكن غير المتوقعة.	Sie erhalten die besondere Kraft, erstaunliche Gelegenheiten an den unerwartetsten Orten zu finden.	Obtienes el poder especial de encontrar oportunidades increíbles en los lugares más inesperados.	Vous gagnez le pouvoir spécial de trouver des opportunités incroyables dans les endroits les plus inattendus.	Você ganha o poder especial de encontrar oportunidades incríveis nos lugares mais inesperados.	คุณได้รับพลังพิเศษในการค้นหาโอกาสที่น่าในสถานที่ที่ไม่คาดคิดที่สุด	Bạn có được sức  đặc biệt là tìm kiếm những cơ hội tuyệt vời ở những nơi bất ngờ nhất.	你獲得了在最意想不到的地方發現驚人機會的特殊力量。
Or… nothing happens, and that’s destiny too.	Or… nothing happens, and that’s destiny too.	何も起こらない、それも運命だ。	أو... لا شيء يحدث ، وهذا هو القدر أيضًا.	Oder... nichts passiert, und das ist auch Schicksal.	O... no pasa nada, y ese también es el destino.	Ou rien ne se passe, et c'est aussi le destin.	Ou... nada acontece, e esse é o destino também.	หรือ... ไม่มีอะไรเกิดขึ้นและนั่นก็เป็นโชคชะตาเช่นกัน	Hoặc... không có gì xảy ra, và đó cũng là định mệnh.	或者…什麼都沒發生，這也是命運。
Your partner is the rare soul who truly understands your thoughts before you ever speak them.	Your partner is the rare soul who truly understands your thoughts before you ever speak them.	あなたのパートナーは、あなたがそれらを話す前に本当にあなたの考えを理解するまれな魂です。	شريكك هو الروح النادرة التي تفهم أفكارك حقًا قبل أن تتحدث بها.	Ihr Partner ist die seltene Seele, die Ihre Gedanken wirklich versteht, bevor Sie sie überhaupt aussprechen.	Tu pareja es el alma rara que realmente entiende tus pensamientos antes de que los digas.	Votre partenaire est l'âme rare qui comprend vraiment vos pensées avant que vous ne les parliez.	Seu parceiro é a alma rara que realmente entende seus pensamentos antes mesmo de você falar sobre eles.	คู่ของคุณคือวิญญาณหายากที่เข้าใจความคิดของคุณอย่างแท้จริงก่อนที่คุณจะพูด	Đối tác của bạn là linh hồn hiếm hoi thực sự hiểu suy nghĩ của bạn trước khi bạn nói chúng.	你的伴侶是罕見的靈魂，在你說出你的想法之前，他真正理解你的想法。
Strong daily discipline	Strong daily discipline	日々の厳しい規律	الانضباط اليومي القوي	Starke tägliche Disziplin	Fuerte disciplina diaria	Forte discipline quotidienne	Forte disciplina diária	วินัยประจำวันที่แข็งแกร่ง	Kỷ luật hàng ngày  mẽ	強大的日常紀律
New language fluency	New language fluency	新しい言語の流暢さ	الطلاقة اللغوية الجديدة	Neue Sprachfließfähigkeit	Nueva fluidez lingüística	Nouvelle maîtrise de la langue	Nova fluência no idioma	ความคล่องแคล่วภาษาใหม่	Thông thạo ngôn ngữ mới	新語言流暢度
Overcome biggest fear	Overcome biggest fear	最大の恐怖を克服する	التغلب على أكبر الخوف	Die größte Angst überwinden	Supera el mayor miedo	Surmonter la plus grande peur	Supere o maior medo	เอาชนะความกลัวที่ยิ่งใหญ่ที่สุด	Vượt qua nỗi sợ hãi lớn nhất	克服最大的恐懼
Master new hobby	Master new hobby	新しい趣味をマスターする	اتقن هواية جديدة	Neues Hobby meistern	Domina un nuevo pasatiempo	Maître nouveau passe-temps	Mestre novo hobby	ต้นแบบงานอดิเรกใหม่	Làm chủ sở thích mới	掌握新愛好
Unstoppable learning curve	Unstoppable learning curve	止まらない学習曲線	منحنى التعلم لا يمكن وقفها	Unaufhaltsame Lernkurve	Curva de aprendizaje imparable	Courbe d'apprentissage imparable	Curva de aprendizado imparável	เส้นโค้งการเรียน้ที่ผ่านพ้นไม่ได้	Đường cong học tập không thể ngăn cản	不可阻擋的學習曲線
Trans-Siberian Railway	Trans-Siberian Railway	シベリア鉄道	السكك الحديدية العابرة لسيبيريا	Transsibirische Eisenbahn	Ferrocarril Transiberiano	Chemin de fer transsibérien	Ferrovia Trans-Siberiana	รถไฟทรานส์ไซบีเรียน	Đường sắt xuyên Siberia	西伯利亞大鐵路
Bhutan, Himalayas	Bhutan, Himalayas	ブータン,ヒマラヤ	بوتان ، الهيمالايا	Bhutan, Himalaya	Bután, Himalaya	Bhoutan, Himalaya	Butão, Himalaia	ภูฏาน เทือกเขาหิมาลัย	Bhutan, Himalaya	不丹，喜馬拉雅
Havana, Cuba	Havana, Cuba	Havana,キューバ	هافانا ، كوبا	Havanna, Kuba	La Habana, Cuba	La Havane, Cuba	Havana, Cuba	ฮาวานา คิวบา	Havana, Cuba	古巴哈瓦那
Cappadocia, Turkey	Cappadocia, Turkey	カッパドキア,トルコ	كابادوكيا, تركيا	Kappadokien, Türkei	Capadocia, Turquía	Cappadoce, Turquie	Capadócia, Turquia	คัปปาโดเกีย ตุรกี	Cappadocia, Thổ Nhĩ Kỳ	卡帕多西亞，土耳其
Marrakech, Morocco	Marrakech, Morocco	マラケシュ,モロッコ	مراكش ، المغرب	Marrakesch, Marokko	Marrakech, Marruecos	Marrakech, Maroc	Marraquexe, Marrocos	มาร์ราเกช โมร็อกโก	Marrakech, Maroc	摩洛哥馬拉喀什
Courage	Courage	勇気を	الشجاعة	Mut	Coraje	Courage	Coragem	ความกล้าหาญ	Dũng cảm	勇氣
Explore	Explore	探索する	اكسبلور	Erkunden Sie	Explorar	Explorer	Explorar	สำรวจ	Khám phá	探索
Learn	Learn	学ぶ	تعلم	Lernen	Aprender	Apprendre	Aprender	เรียน้	Học hỏi	學習
Adapt	Adapt	適応する	تكيف	Anpassen	Adaptarse	Adapter	Adaptar	ปรับ	Thích nghi	適應
Flow	Flow	流れ	تدفق	Durchfluss	Flujo	Flux	Fluxo	ไหล	Dòng chảy	流動
"You proved that purpose and profit are not mutually exclusive. Your success is rooted in authentic passion and courageously pursuing what you genuinely love. When the work comes from the heart, the results speak volumes.
"	"You proved that purpose and profit are not mutually exclusive. Your success is rooted in authentic passion and courageously pursuing what you genuinely love. When the work comes from the heart, the results speak volumes.
"	"あなたは目的と利益が相反するものではないことを証明しました。あなたの成功は本物の情熱に根ざしており、あなたが本当に愛しているものを勇敢に追求しています。仕事が心から来るとき、結果はボリュームを語ります。
"	"لقد أثبتت أن الغرض والربح لا يستبعد أحدهما الآخر. نجاحك متجذر في الشغف الأصيل والسعي بشجاعة وراء ما تحبه حقًا. عندما يأتي العمل من القلب ، فإن النتائج تتحدث عن الكثير.
"	"Sie haben bewiesen, dass sich Zweck und Gewinn nicht gegenseitig ausschließen. Ihr Erfolg wurzelt in authentischer Leidenschaft und mutigem Streben nach was Sie wirklich lieben. Wenn die Arbeit von Herzen kommt, sprechen die Ergebnisse Bände.
"	"Demostraste que el propósito y el beneficio no son mutuamente excluyentes. Tu éxito se basa en la pasión auténtica y en perseguir valientemente lo que realmente amas. Cuando el trabajo sale del corazón, los resultados dicen mucho.
"	"Vous avez prouvé que le but et le profit ne s'excluent pas mutuellement. Votre succès est enraciné dans une passion authentique et dans la poursuite courageuse de ce que vous aimez vraiment. Lorsque le travail vient du cœur, les résultats en disent long.
"	"Você provou que propósito e lucro não são mutuamente exclusivos. Seu sucesso está enraizado na paixão autêntica e na busca corajosa pelo que você realmente ama. Quando o trabalho vem do coração, os resultados falam muito.
"	"คุณพิสูจน์แล้วว่าวัตถุประสงค์และผลกำไรไม่ได้เกิดขึ้นพร้อมกัน ความสำเร็จของคุณมีรากฐานมาจากความหลงใหลที่แท้จริงและการติดตามสิ่งที่คุณรักอย่างแท้จริงอย่างกล้าหาญ เมื่องานมาจากใจผลลัพธ์จะพูดได้มากมาย
"	"Bạn đã chứng minh rằng mục đích và lợi nhuận không loại trừ lẫn nhau. Thành công của bạn bắt nguồn từ niềm đam mê đích thực và can đảm theo đuổi những gì bạn thực sự yêu thích. Khi công việc xuất phát từ trái tim, kết quả nói lên khối lượng.
"	"你證明了目標和利潤並不相互排斥。你的成功植根於真正的激情和勇敢地追求你真正熱愛的東西。當工作發自內心時，結果就很有說服力。
"
The Secret Menu Blend: You are overly complicated, cost a fortune, and only two people in the entire world know how to order you correctly.	The Secret Menu Blend: You are overly complicated, cost a fortune, and only two people in the entire world know how to order you correctly.	秘密のメニューブレンド:あなたは複雑すぎて、莫大な費用がかかり、世界中でたった2人しかあなたを正しく注文する方法を知りません。	مزيج القائمة السرية: أنت معقد للغاية ، وتكلف ثروة ، وشخصان فقط في العالم بأسره يعرفان كيفية طلبك بشكل صحيح.	Die geheime Menümischung: Sie sind übermäßig kompliziert, kosten ein Vermögen und nur zwei Menschen auf der ganzen Welt wissen, wie man Sie richtig bestellt.	La mezcla secreta del menú: eres demasiado complicado, cuestas una fortuna y solo dos personas en todo el mundo saben cómo ordenarte correctamente.	Le mélange de menus secrets : Vous êtes trop compliqué, coûtez une fortune et seules deux personnes dans le monde entier savent comment vous commander correctement.	The Secret Menu Blend: Você é excessivamente complicado, custa uma fortuna e apenas duas pessoas no mundo inteiro sabem como pedir você corretamente.	การผสมผสานเมนูลับ: คุณซับซ้อนเกินไป เสียค่าใช้จ่ายมหาศาล และมีเพียงสองคนในโลกเท่านั้นที่้วิธีสั่งซื้อคุณอย่างถูกต้อง	The Secret Menu Blend: Bạn quá phức tạp, tốn rất nhiều tiền và chỉ có hai người trên toàn thế giới biết cách đặt hàng chính xác cho bạn.	祕密菜單混合：你太複雜了，花了一大筆錢，全世界只有兩個人知道如何正確訂購你。
Or maybe it’s simply your own spirit, stronger than you ever believed.	Or maybe it’s simply your own spirit, stronger than you ever believed.	それとも、単にあなた自身の精神が、あなたが信じていた以上に強いのかもしれません。	أو ربما هي ببساطة روحك الخاصة ، أقوى مما كنت تعتقد.	Oder vielleicht ist es einfach Ihr eigener Geist, stärker als Sie jemals geglaubt haben.	O tal vez es simplemente tu propio espíritu, más fuerte de lo que creías.	Ou peut-être que c'est simplement votre propre esprit, plus fort que vous ne l'avez jamais cru.	Ou talvez seja simplesmente o seu próprio espírito, mais forte do que você jamais acreditou.	หรืออาจเป็นเพียงจิตวิญญาณของคุณเอง แข็งแกร่งกว่าที่คุณเคยเชื่อ	Hoặc có thể đó chỉ đơn giản là tinh thần của chính bạn,  mẽ hơn bạn từng tin tưởng.	或者也許只是你自己的精神，比你想象的要強大。
Or maybe… it’s just your own doubt, pretending to be someone else.	Or maybe… it’s just your own doubt, pretending to be someone else.	それとも...それはあなた自身の疑念で、他の誰かを装っているだけかもしれません。	أو ربما... انها مجرد شك الخاصة بك ، التظاهر ليكون شخص آخر.	Oder vielleicht... ist es nur dein eigener Zweifel, so zu tun, als wärst du jemand anderes.	O tal vez... es solo tu propia duda, fingiendo ser otra persona.	Ou peut-être que c'est juste ton propre doute, faire semblant d'être quelqu'un d'autre.	Ou talvez... seja apenas sua própria dúvida, fingindo ser outra pessoa.	หรืออาจจะ.. มันเป็นเพียงความสงสัยของคุณเองโดยแสร้งทำเป็นคนอื่น	Hoặc có thể... đó chỉ là nghi ngờ của riêng bạn, giả vờ là người khác.	或者也許…這只是你自己的懷疑，假裝是別人。
Butterfly	Butterfly	バタフライ	فراشة	Schmetterling	Mariposa	Papillon	Borboleta	ผีเสื้อ	Bướm	蝴蝶
Celebrated worldwide for sticking to a fitness routine for an entire year without missing a single day, proving that discipline is the new superpower.	Celebrated worldwide for sticking to a fitness routine for an entire year without missing a single day, proving that discipline is the new superpower.	1日も欠かさずに1年間フィットネスルーティンに固執し、規律が新しいスーパーパワーであることを証明したことで、世界中で称賛されています。	تم الاحتفال به في جميع أنحاء العالم لالتزامه بروتين اللياقة البدنية لمدة عام كامل دون تفويت يوم واحد ، مما يثبت أن الانضباط هو القوة العظمى الجديدة.	Weltweit gefeiert, weil er ein ganzes Jahr lang ohne einen einzigen Tag an einer Fitnessroutine festgehalten hat, was beweist, dass Disziplin die neue Superkraft ist.	Celebrado en todo el mundo por mantener una rutina de fitness durante todo un año sin perder un solo día, demostrando que la disciplina es la nueva superpotencia.	Célébré dans le monde entier pour s'en tenir à une routine de fitness pendant une année entière sans manquer une seule journée, prouvant que la discipline est la nouvelle superpuissance.	Celebrado mundialmente por seguir uma rotina de exercícios por um ano inteiro sem perder um único dia, provando que a disciplina é a nova superpotência.	เฉลิมฉลองไปทั่วโลกสำหรับการยึดติดกับกิจวัตรการออกกำลังกายตลอดทั้งปีโดยไม่พลาดแม้แต่วันเดียว พิสูจน์ให้เห็นว่าวินัยคือมหาอำนาจคนใหม่	Được tôn vinh trên toàn thế giới vì đã tuân thủ thói quen tập thể dục trong cả năm mà không bỏ lỡ một ngày nào, chứng tỏ rằng kỷ luật là siêu năng lực mới.	全世界都在慶祝堅持一整年的健身計劃，一天也沒錯過，證明紀律是新的超級大國。